model_name,display_name,model_family,model_type,precision,compiled,compile_mode,gpu_name,gpu_mem_gb,batch_size,throughput_mean,pixels_per_sec,latency_mean_ms,latency_p50_ms,latency_p95_ms,latency_p99_ms,params_M,macs_G,peak_memory_mb,tf32_enabled,input_channels,input_size,pytorch_version,cuda_version,timestamp
resnet18,ResNet-18,ResNet,cnn,fp32,False,none,NVIDIA H100 NVL,99.9,512,17289.90,867538088,29.613,29.674,30.094,30.381,11.18,3.63,3983.3,True,3,224,2.8.0+cu128,12.8,2026-04-29T06:53:25
resnet18,ResNet-18,ResNet,cnn,fp32,True,default,NVIDIA H100 NVL,99.9,512,31436.15,1577340173,16.287,16.301,16.594,16.868,11.18,3.63,2647.4,True,3,224,2.8.0+cu128,12.8,2026-04-29T06:54:02
resnet18,ResNet-18,ResNet,cnn,fp16,False,none,NVIDIA H100 NVL,99.9,512,25613.17,1285166306,19.990,19.983,20.270,20.590,11.18,3.63,2059.8,True,3,224,2.8.0+cu128,12.8,2026-04-29T06:54:34
resnet18,ResNet-18,ResNet,cnn,fp16,True,default,NVIDIA H100 NVL,99.9,512,53477.53,2683288403,9.574,9.621,9.762,9.847,11.18,3.63,1391.9,True,3,224,2.8.0+cu128,12.8,2026-04-29T06:55:09
resnet18,ResNet-18,ResNet,cnn,amp,False,none,NVIDIA H100 NVL,99.9,512,25589.50,1283978524,20.008,19.986,20.213,20.708,11.18,3.63,2390.5,True,3,224,2.8.0+cu128,12.8,2026-04-29T06:55:41
resnet18,ResNet-18,ResNet,cnn,amp,True,default,NVIDIA H100 NVL,99.9,512,51192.83,2568651371,10.001,10.000,10.115,10.327,11.18,3.63,1568.4,True,3,224,2.8.0+cu128,12.8,2026-04-29T06:56:16
resnet18,ResNet-18,ResNet,cnn,bf16,False,none,NVIDIA H100 NVL,99.9,512,22654.43,1136708562,22.600,22.547,23.152,23.431,11.18,3.63,2265.4,True,3,224,2.8.0+cu128,12.8,2026-04-29T06:56:48
resnet18,ResNet-18,ResNet,cnn,bf16,True,default,NVIDIA H100 NVL,99.9,512,41072.29,2060842994,12.466,12.475,12.601,12.794,11.18,3.63,1597.4,True,3,224,2.8.0+cu128,12.8,2026-04-29T06:57:22
resnet50,ResNet-50,ResNet,cnn,fp32,False,none,NVIDIA H100 NVL,99.9,512,5925.86,297336164,86.401,86.344,87.323,88.612,23.53,8.17,5779.8,True,3,224,2.8.0+cu128,12.8,2026-04-29T06:57:58
resnet50,ResNet-50,ResNet,cnn,fp32,True,default,NVIDIA H100 NVL,99.9,512,11275.20,565744505,45.409,45.306,46.626,47.068,23.53,8.17,4135.7,True,3,224,2.8.0+cu128,12.8,2026-04-29T06:58:36
resnet50,ResNet-50,ResNet,cnn,fp16,False,none,NVIDIA H100 NVL,99.9,512,9198.51,461544524,55.661,55.680,56.450,57.016,23.53,8.17,3112.2,True,3,224,2.8.0+cu128,12.8,2026-04-29T06:59:09
resnet50,ResNet-50,ResNet,cnn,fp16,True,default,NVIDIA H100 NVL,99.9,512,20779.39,1042626671,24.640,24.690,25.190,25.366,23.53,8.17,2084.7,True,3,224,2.8.0+cu128,12.8,2026-04-29T06:59:46
resnet50,ResNet-50,ResNet,cnn,amp,False,none,NVIDIA H100 NVL,99.9,512,9056.68,454427879,56.533,56.538,57.485,57.893,23.53,8.17,3314.7,True,3,224,2.8.0+cu128,12.8,2026-04-29T07:00:19
resnet50,ResNet-50,ResNet,cnn,amp,True,default,NVIDIA H100 NVL,99.9,512,19367.80,971798580,26.436,26.431,27.083,27.278,23.53,8.17,2286.0,True,3,224,2.8.0+cu128,12.8,2026-04-29T07:00:56
resnet50,ResNet-50,ResNet,cnn,bf16,False,none,NVIDIA H100 NVL,99.9,512,8911.74,447155655,57.452,57.444,58.381,59.217,23.53,8.17,3112.2,True,3,224,2.8.0+cu128,12.8,2026-04-29T07:01:29
resnet50,ResNet-50,ResNet,cnn,bf16,True,default,NVIDIA H100 NVL,99.9,512,18461.07,926302462,27.734,27.735,28.314,28.585,23.53,8.17,2084.7,True,3,224,2.8.0+cu128,12.8,2026-04-29T07:02:07
resnet101,ResNet-101,ResNet,cnn,fp32,False,none,NVIDIA H100 NVL,99.9,512,3811.06,191223770,134.346,134.403,135.508,136.961,42.52,15.60,5856.0,True,3,224,2.8.0+cu128,12.8,2026-04-29T07:02:44
resnet101,ResNet-101,ResNet,cnn,fp32,True,default,NVIDIA H100 NVL,99.9,512,7146.12,358563520,71.647,71.596,72.939,74.436,42.52,15.60,4211.9,True,3,224,2.8.0+cu128,12.8,2026-04-29T07:03:24
resnet101,ResNet-101,ResNet,cnn,fp16,False,none,NVIDIA H100 NVL,99.9,512,5724.67,287240998,89.437,89.443,90.794,91.405,42.52,15.60,3150.3,True,3,224,2.8.0+cu128,12.8,2026-04-29T07:03:58
resnet101,ResNet-101,ResNet,cnn,fp16,True,default,NVIDIA H100 NVL,99.9,512,12958.24,650192772,39.512,39.407,40.991,41.683,42.52,15.60,2122.8,True,3,224,2.8.0+cu128,12.8,2026-04-29T07:04:38
resnet101,ResNet-101,ResNet,cnn,amp,False,none,NVIDIA H100 NVL,99.9,512,5557.94,278875004,92.121,92.172,93.479,94.035,42.52,15.60,3390.9,True,3,224,2.8.0+cu128,12.8,2026-04-29T07:05:12
resnet101,ResNet-101,ResNet,cnn,amp,True,default,NVIDIA H100 NVL,99.9,512,12189.60,611625237,42.003,41.979,42.759,43.376,42.52,15.60,2362.2,True,3,224,2.8.0+cu128,12.8,2026-04-29T07:05:52
resnet101,ResNet-101,ResNet,cnn,bf16,False,none,NVIDIA H100 NVL,99.9,512,5585.44,280254932,91.667,91.652,93.151,94.209,42.52,15.60,3150.3,True,3,224,2.8.0+cu128,12.8,2026-04-29T07:06:26
resnet101,ResNet-101,ResNet,cnn,bf16,True,default,NVIDIA H100 NVL,99.9,512,12174.74,610879549,42.054,41.978,43.025,43.527,42.52,15.60,2122.8,True,3,224,2.8.0+cu128,12.8,2026-04-29T07:07:06
resnet152,ResNet-152,ResNet,cnn,fp32,False,none,NVIDIA H100 NVL,99.9,512,2729.84,136972484,187.557,187.552,188.895,190.247,58.16,23.02,5918.7,True,3,224,2.8.0+cu128,12.8,2026-04-29T07:07:45
resnet152,ResNet-152,ResNet,cnn,fp32,True,default,NVIDIA H100 NVL,99.9,512,5022.45,252006551,101.942,102.019,103.793,104.424,58.16,23.02,4274.7,True,3,224,2.8.0+cu128,12.8,2026-04-29T07:08:29
resnet152,ResNet-152,ResNet,cnn,fp16,False,none,NVIDIA H100 NVL,99.9,512,4078.59,204647189,125.534,125.675,127.013,127.629,58.16,23.02,3181.7,True,3,224,2.8.0+cu128,12.8,2026-04-29T07:09:05
resnet152,ResNet-152,ResNet,cnn,fp16,True,default,NVIDIA H100 NVL,99.9,512,9255.13,464385573,55.321,55.242,56.806,57.785,58.16,23.02,2154.2,True,3,224,2.8.0+cu128,12.8,2026-04-29T07:09:48
resnet152,ResNet-152,ResNet,cnn,amp,False,none,NVIDIA H100 NVL,99.9,512,4010.62,201237087,127.661,127.700,128.814,129.389,58.16,23.02,3453.7,True,3,224,2.8.0+cu128,12.8,2026-04-29T07:10:23
resnet152,ResNet-152,ResNet,cnn,amp,True,default,NVIDIA H100 NVL,99.9,512,8769.41,440014000,58.385,58.426,59.310,59.598,58.16,23.02,2425.0,True,3,224,2.8.0+cu128,12.8,2026-04-29T07:11:08
resnet152,ResNet-152,ResNet,cnn,bf16,False,none,NVIDIA H100 NVL,99.9,512,4053.64,203395362,126.306,126.312,128.096,129.209,58.16,23.02,3181.7,True,3,224,2.8.0+cu128,12.8,2026-04-29T07:11:43
resnet152,ResNet-152,ResNet,cnn,bf16,True,default,NVIDIA H100 NVL,99.9,512,8835.01,443305482,57.951,57.939,59.196,59.733,58.16,23.02,2154.2,True,3,224,2.8.0+cu128,12.8,2026-04-29T07:12:27
efficientnet_b0,EfficientNet-B0,EfficientNet,cnn,fp32,False,none,NVIDIA H100 NVL,99.9,512,9188.86,461060147,55.720,55.758,56.716,57.379,4.02,0.77,6523.8,True,3,224,2.8.0+cu128,12.8,2026-04-29T07:13:04
efficientnet_b0,EfficientNet-B0,EfficientNet,cnn,fp32,True,default,NVIDIA H100 NVL,99.9,512,17057.68,855886196,30.016,29.986,30.603,31.012,4.02,0.77,3441.0,True,3,224,2.8.0+cu128,12.8,2026-04-29T07:13:50
efficientnet_b0,EfficientNet-B0,EfficientNet,cnn,fp16,False,none,NVIDIA H100 NVL,99.9,512,13963.46,700630715,36.667,36.663,36.986,37.242,4.02,0.77,3278.7,True,3,224,2.8.0+cu128,12.8,2026-04-29T07:14:26
efficientnet_b0,EfficientNet-B0,EfficientNet,cnn,fp16,True,default,NVIDIA H100 NVL,99.9,512,25603.75,1284694002,19.997,19.980,20.396,20.573,4.02,0.77,2662.2,True,3,224,2.8.0+cu128,12.8,2026-04-29T07:15:10
efficientnet_b0,EfficientNet-B0,EfficientNet,cnn,amp,False,none,NVIDIA H100 NVL,99.9,512,13368.22,670763811,38.300,38.270,38.645,38.808,4.02,0.77,3441.0,True,3,224,2.8.0+cu128,12.8,2026-04-29T07:15:43
efficientnet_b0,EfficientNet-B0,EfficientNet,cnn,amp,True,default,NVIDIA H100 NVL,99.9,512,24501.51,1229387628,20.897,20.938,21.565,21.691,4.02,0.77,2824.4,True,3,224,2.8.0+cu128,12.8,2026-04-29T07:16:24
efficientnet_b0,EfficientNet-B0,EfficientNet,cnn,bf16,False,none,NVIDIA H100 NVL,99.9,512,11853.92,594782422,43.192,43.171,43.514,43.701,4.02,0.77,3278.7,True,3,224,2.8.0+cu128,12.8,2026-04-29T07:16:57
efficientnet_b0,EfficientNet-B0,EfficientNet,cnn,bf16,True,default,NVIDIA H100 NVL,99.9,512,24215.20,1215021764,21.144,21.283,21.777,22.230,4.02,0.77,2662.2,True,3,224,2.8.0+cu128,12.8,2026-04-29T07:17:42
efficientnet_b4,EfficientNet-B4,EfficientNet,cnn,fp32,False,none,NVIDIA H100 NVL,99.9,512,3300.29,165595374,155.138,155.216,156.572,156.981,17.57,3.00,9661.2,True,3,224,2.8.0+cu128,12.8,2026-04-29T07:18:20
efficientnet_b4,EfficientNet-B4,EfficientNet,cnn,fp32,True,default,NVIDIA H100 NVL,99.9,512,6395.55,320903202,80.056,80.098,81.083,82.602,17.57,3.00,5037.0,True,3,224,2.8.0+cu128,12.8,2026-04-29T07:19:10
efficientnet_b4,EfficientNet-B4,EfficientNet,cnn,fp16,False,none,NVIDIA H100 NVL,99.9,512,5251.36,263492409,97.498,97.603,98.482,98.749,17.57,3.00,4847.5,True,3,224,2.8.0+cu128,12.8,2026-04-29T07:19:46
efficientnet_b4,EfficientNet-B4,EfficientNet,cnn,fp16,True,default,NVIDIA H100 NVL,99.9,512,9727.15,488069482,52.636,52.672,53.380,53.725,17.57,3.00,5772.4,True,3,224,2.8.0+cu128,12.8,2026-04-29T07:20:36
efficientnet_b4,EfficientNet-B4,EfficientNet,cnn,amp,False,none,NVIDIA H100 NVL,99.9,512,4912.22,246475439,104.230,104.186,104.719,104.878,17.57,3.00,5037.0,True,3,224,2.8.0+cu128,12.8,2026-04-29T07:21:11
efficientnet_b4,EfficientNet-B4,EfficientNet,cnn,amp,True,default,NVIDIA H100 NVL,99.9,512,9327.66,468024823,54.890,54.911,55.566,55.793,17.57,3.00,5961.9,True,3,224,2.8.0+cu128,12.8,2026-04-29T07:21:58
efficientnet_b4,EfficientNet-B4,EfficientNet,cnn,bf16,False,none,NVIDIA H100 NVL,99.9,512,4358.51,218692652,117.471,117.519,118.226,118.578,17.57,3.00,4847.5,True,3,224,2.8.0+cu128,12.8,2026-04-29T07:22:33
efficientnet_b4,EfficientNet-B4,EfficientNet,cnn,bf16,True,default,NVIDIA H100 NVL,99.9,512,9217.15,462479774,55.549,55.539,56.541,56.893,17.57,3.00,5772.4,True,3,224,2.8.0+cu128,12.8,2026-04-29T07:23:24
efficientnet_b7,EfficientNet-B7,EfficientNet,cnn,fp32,False,none,NVIDIA H100 NVL,99.9,512,1347.04,67588938,380.093,380.014,381.537,382.108,63.81,10.33,12929.8,True,3,224,2.8.0+cu128,12.8,2026-04-29T07:24:08
efficientnet_b7,EfficientNet-B7,EfficientNet,cnn,fp32,True,default,NVIDIA H100 NVL,99.9,512,2614.32,131176026,195.845,195.827,198.367,199.514,63.81,10.33,6764.2,True,3,224,2.8.0+cu128,12.8,2026-04-29T07:25:11
efficientnet_b7,EfficientNet-B7,EfficientNet,cnn,fp16,False,none,NVIDIA H100 NVL,99.9,512,2235.68,112177642,229.013,229.049,230.876,231.490,63.81,10.33,6481.9,True,3,224,2.8.0+cu128,12.8,2026-04-29T07:25:51
efficientnet_b7,EfficientNet-B7,EfficientNet,cnn,fp16,True,default,NVIDIA H100 NVL,99.9,512,4075.92,204513300,125.616,125.609,127.126,127.453,63.81,10.33,5248.7,True,3,224,2.8.0+cu128,12.8,2026-04-29T07:26:48
efficientnet_b7,EfficientNet-B7,EfficientNet,cnn,amp,False,none,NVIDIA H100 NVL,99.9,512,2063.02,103514212,248.180,248.159,249.373,249.620,63.81,10.33,6764.3,True,3,224,2.8.0+cu128,12.8,2026-04-29T07:27:27
efficientnet_b7,EfficientNet-B7,EfficientNet,cnn,amp,True,default,NVIDIA H100 NVL,99.9,512,3897.40,195556089,131.370,131.239,132.808,133.529,63.81,10.33,5531.1,True,3,224,2.8.0+cu128,12.8,2026-04-29T07:28:23
efficientnet_b7,EfficientNet-B7,EfficientNet,cnn,bf16,False,none,NVIDIA H100 NVL,99.9,512,1803.96,90515728,283.819,283.736,285.250,286.093,63.81,10.33,6481.9,True,3,224,2.8.0+cu128,12.8,2026-04-29T07:29:02
efficientnet_b7,EfficientNet-B7,EfficientNet,cnn,bf16,True,default,NVIDIA H100 NVL,99.9,512,3932.08,197296109,130.211,130.231,131.813,132.256,63.81,10.33,5248.7,True,3,224,2.8.0+cu128,12.8,2026-04-29T07:30:01
convnext_tiny,ConvNeXt-T,ConvNeXt,cnn,fp32,False,none,NVIDIA H100 NVL,99.9,512,5232.89,262565403,97.843,97.845,99.026,99.196,27.83,8.91,7235.4,True,3,224,2.8.0+cu128,12.8,2026-04-29T07:30:40
convnext_tiny,ConvNeXt-T,ConvNeXt,cnn,fp32,True,default,NVIDIA H100 NVL,99.9,512,6921.51,347293832,73.972,73.992,74.624,74.786,27.83,8.91,4152.6,True,3,224,2.8.0+cu128,12.8,2026-04-29T07:31:19
convnext_tiny,ConvNeXt-T,ConvNeXt,cnn,fp16,False,none,NVIDIA H100 NVL,99.9,512,8823.86,442746055,58.024,57.980,59.128,59.475,27.83,8.91,3634.5,True,3,224,2.8.0+cu128,12.8,2026-04-29T07:31:57
convnext_tiny,ConvNeXt-T,ConvNeXt,cnn,fp16,True,default,NVIDIA H100 NVL,99.9,512,12779.15,641206615,40.065,40.056,40.677,40.841,27.83,8.91,2093.1,True,3,224,2.8.0+cu128,12.8,2026-04-29T07:32:35
convnext_tiny,ConvNeXt-T,ConvNeXt,cnn,amp,False,none,NVIDIA H100 NVL,99.9,512,6751.56,338766448,75.834,75.765,77.048,77.648,27.83,8.91,4769.5,True,3,224,2.8.0+cu128,12.8,2026-04-29T07:33:09
convnext_tiny,ConvNeXt-T,ConvNeXt,cnn,amp,True,default,NVIDIA H100 NVL,99.9,512,12189.43,611617050,42.004,42.006,42.640,43.047,27.83,8.91,3381.9,True,3,224,2.8.0+cu128,12.8,2026-04-29T07:33:48
convnext_tiny,ConvNeXt-T,ConvNeXt,cnn,bf16,False,none,NVIDIA H100 NVL,99.9,512,8959.01,449527311,57.149,57.086,58.382,58.845,27.83,8.91,3634.5,True,3,224,2.8.0+cu128,12.8,2026-04-29T07:34:25
convnext_tiny,ConvNeXt-T,ConvNeXt,cnn,bf16,True,default,NVIDIA H100 NVL,99.9,512,12755.49,640019352,40.140,40.131,40.874,41.138,27.83,8.91,2093.1,True,3,224,2.8.0+cu128,12.8,2026-04-29T07:35:03
convnext_small,ConvNeXt-S,ConvNeXt,cnn,fp32,False,none,NVIDIA H100 NVL,99.9,512,3227.95,161965745,158.614,158.621,160.052,160.433,49.46,17.37,7321.9,True,3,224,2.8.0+cu128,12.8,2026-04-29T07:35:42
convnext_small,ConvNeXt-S,ConvNeXt,cnn,fp32,True,default,NVIDIA H100 NVL,99.9,512,4058.66,203647339,126.150,126.148,126.723,126.991,49.46,17.37,4239.1,True,3,224,2.8.0+cu128,12.8,2026-04-29T07:36:23
convnext_small,ConvNeXt-S,ConvNeXt,cnn,fp16,False,none,NVIDIA H100 NVL,99.9,512,5513.81,276660958,92.858,92.836,93.668,94.035,49.46,17.37,3677.8,True,3,224,2.8.0+cu128,12.8,2026-04-29T07:36:57
convnext_small,ConvNeXt-S,ConvNeXt,cnn,fp16,True,default,NVIDIA H100 NVL,99.9,512,7470.69,374849234,68.535,68.608,69.171,69.351,49.46,17.37,2136.4,True,3,224,2.8.0+cu128,12.8,2026-04-29T07:37:37
convnext_small,ConvNeXt-S,ConvNeXt,cnn,amp,False,none,NVIDIA H100 NVL,99.9,512,4322.97,216909247,118.437,118.432,119.860,120.258,49.46,17.37,4856.1,True,3,224,2.8.0+cu128,12.8,2026-04-29T07:38:12
convnext_small,ConvNeXt-S,ConvNeXt,cnn,amp,True,default,NVIDIA H100 NVL,99.9,512,7216.48,362093991,70.949,70.957,71.832,71.949,49.46,17.37,3468.5,True,3,224,2.8.0+cu128,12.8,2026-04-29T07:38:53
convnext_small,ConvNeXt-S,ConvNeXt,cnn,bf16,False,none,NVIDIA H100 NVL,99.9,512,5748.32,288427910,89.069,89.084,90.255,90.788,49.46,17.37,3677.8,True,3,224,2.8.0+cu128,12.8,2026-04-29T07:39:27
convnext_small,ConvNeXt-S,ConvNeXt,cnn,bf16,True,default,NVIDIA H100 NVL,99.9,512,7710.73,386893739,66.401,66.387,67.308,67.543,49.46,17.37,2136.4,True,3,224,2.8.0+cu128,12.8,2026-04-29T07:40:07
convnext_base,ConvNeXt-B,ConvNeXt,cnn,fp32,False,none,NVIDIA H100 NVL,99.9,512,2417.50,121300472,211.789,211.726,213.597,213.780,87.58,30.71,9735.1,True,3,224,2.8.0+cu128,12.8,2026-04-29T07:40:49
convnext_base,ConvNeXt-B,ConvNeXt,cnn,fp32,True,default,NVIDIA H100 NVL,99.9,512,2909.65,145994446,175.966,175.976,176.730,177.077,87.58,30.71,5624.7,True,3,224,2.8.0+cu128,12.8,2026-04-29T07:41:33
convnext_base,ConvNeXt-B,ConvNeXt,cnn,fp16,False,none,NVIDIA H100 NVL,99.9,512,4140.63,207760067,123.653,123.617,125.025,125.853,87.58,30.71,4884.3,True,3,224,2.8.0+cu128,12.8,2026-04-29T07:42:12
convnext_base,ConvNeXt-B,ConvNeXt,cnn,fp16,True,default,NVIDIA H100 NVL,99.9,512,5370.28,269458922,95.340,95.276,95.935,96.344,87.58,30.71,2829.1,True,3,224,2.8.0+cu128,12.8,2026-04-29T07:42:54
convnext_base,ConvNeXt-B,ConvNeXt,cnn,amp,False,none,NVIDIA H100 NVL,99.9,512,3237.48,162443927,158.148,158.018,159.695,160.013,87.58,30.71,6447.5,True,3,224,2.8.0+cu128,12.8,2026-04-29T07:43:31
convnext_base,ConvNeXt-B,ConvNeXt,cnn,amp,True,default,NVIDIA H100 NVL,99.9,512,5162.68,259042680,99.173,99.084,99.958,100.132,87.58,30.71,4391.7,True,3,224,2.8.0+cu128,12.8,2026-04-29T07:44:14
convnext_base,ConvNeXt-B,ConvNeXt,cnn,bf16,False,none,NVIDIA H100 NVL,99.9,512,4266.38,214069691,120.008,119.947,121.184,121.671,87.58,30.71,4884.3,True,3,224,2.8.0+cu128,12.8,2026-04-29T07:44:53
convnext_base,ConvNeXt-B,ConvNeXt,cnn,bf16,True,default,NVIDIA H100 NVL,99.9,512,5503.27,276131863,93.036,93.041,93.814,94.000,87.58,30.71,2829.1,True,3,224,2.8.0+cu128,12.8,2026-04-29T07:45:36
convnext_large,ConvNeXt-L,ConvNeXt,cnn,fp32,False,none,NVIDIA H100 NVL,99.9,512,1449.49,72729693,353.227,352.866,356.876,357.317,196.25,68.72,14691.2,True,3,224,2.8.0+cu128,12.8,2026-04-29T07:46:22
convnext_large,ConvNeXt-L,ConvNeXt,cnn,fp32,True,default,NVIDIA H100 NVL,99.9,512,1663.73,83479135,307.743,307.417,310.448,311.066,196.25,68.72,8525.6,True,3,224,2.8.0+cu128,12.8,2026-04-29T07:47:10
convnext_large,ConvNeXt-L,ConvNeXt,cnn,fp16,False,none,NVIDIA H100 NVL,99.9,512,2508.42,125862437,204.113,204.174,205.295,205.556,196.25,68.72,7362.4,True,3,224,2.8.0+cu128,12.8,2026-04-29T07:47:51
convnext_large,ConvNeXt-L,ConvNeXt,cnn,fp16,True,default,NVIDIA H100 NVL,99.9,512,3015.53,151307007,169.788,169.757,170.646,171.182,196.25,68.72,4279.6,True,3,224,2.8.0+cu128,12.8,2026-04-29T07:48:36
convnext_large,ConvNeXt-L,ConvNeXt,cnn,amp,False,none,NVIDIA H100 NVL,99.9,512,2030.50,101882171,252.155,252.177,253.769,254.151,196.25,68.72,9760.3,True,3,224,2.8.0+cu128,12.8,2026-04-29T07:49:15
convnext_large,ConvNeXt-L,ConvNeXt,cnn,amp,True,default,NVIDIA H100 NVL,99.9,512,2926.22,146825808,174.970,175.015,176.238,176.484,196.25,68.72,6830.4,True,3,224,2.8.0+cu128,12.8,2026-04-29T07:50:02
convnext_large,ConvNeXt-L,ConvNeXt,cnn,bf16,False,none,NVIDIA H100 NVL,99.9,512,2597.70,130342052,197.098,197.229,198.146,198.931,196.25,68.72,7362.4,True,3,224,2.8.0+cu128,12.8,2026-04-29T07:50:43
convnext_large,ConvNeXt-L,ConvNeXt,cnn,bf16,True,default,NVIDIA H100 NVL,99.9,512,3110.41,156067963,164.608,164.744,165.633,166.163,196.25,68.72,4279.6,True,3,224,2.8.0+cu128,12.8,2026-04-29T07:51:28
mobilenetv3_small_100,MobileNetV3-S,MobileNet,cnn,fp32,False,none,NVIDIA H100 NVL,99.9,512,42240.50,2119459351,12.121,12.127,12.220,12.390,1.53,0.11,1786.7,True,3,224,2.8.0+cu128,12.8,2026-04-29T07:52:04
mobilenetv3_small_100,MobileNetV3-S,MobileNet,cnn,fp32,True,default,NVIDIA H100 NVL,99.9,512,72475.91,3636551050,7.064,7.076,7.210,7.266,1.53,0.11,1375.7,True,3,224,2.8.0+cu128,12.8,2026-04-29T07:52:44
mobilenetv3_small_100,MobileNetV3-S,MobileNet,cnn,fp16,False,none,NVIDIA H100 NVL,99.9,512,52680.92,2643317883,9.719,9.718,9.725,9.730,1.53,0.11,910.2,True,3,224,2.8.0+cu128,12.8,2026-04-29T07:53:18
mobilenetv3_small_100,MobileNetV3-S,MobileNet,cnn,fp16,True,default,NVIDIA H100 NVL,99.9,512,115730.49,5806893063,4.424,4.425,4.464,4.513,1.53,0.11,601.9,True,3,224,2.8.0+cu128,12.8,2026-04-29T07:53:59
mobilenetv3_small_100,MobileNetV3-S,MobileNet,cnn,amp,False,none,NVIDIA H100 NVL,99.9,512,51902.15,2604242045,9.865,9.865,9.887,9.891,1.53,0.11,1067.4,True,3,224,2.8.0+cu128,12.8,2026-04-29T07:54:32
mobilenetv3_small_100,MobileNetV3-S,MobileNet,cnn,amp,True,default,NVIDIA H100 NVL,99.9,512,108350.09,5436574230,4.725,4.723,4.764,4.782,1.53,0.11,759.1,True,3,224,2.8.0+cu128,12.8,2026-04-29T07:55:10
mobilenetv3_small_100,MobileNetV3-S,MobileNet,cnn,bf16,False,none,NVIDIA H100 NVL,99.9,512,48353.37,2426178892,10.589,10.585,10.609,10.615,1.53,0.11,910.2,True,3,224,2.8.0+cu128,12.8,2026-04-29T07:55:43
mobilenetv3_small_100,MobileNetV3-S,MobileNet,cnn,bf16,True,default,NVIDIA H100 NVL,99.9,512,100437.10,5039531782,5.098,5.090,5.147,5.161,1.53,0.11,601.9,True,3,224,2.8.0+cu128,12.8,2026-04-29T07:56:25
mobilenetv3_large_100,MobileNetV3-L,MobileNet,cnn,fp32,False,none,NVIDIA H100 NVL,99.9,512,15803.55,792958689,32.398,32.395,33.105,33.586,4.21,0.43,4469.3,True,3,224,2.8.0+cu128,12.8,2026-04-29T07:57:01
mobilenetv3_large_100,MobileNetV3-L,MobileNet,cnn,fp32,True,default,NVIDIA H100 NVL,99.9,512,29353.48,1472840204,17.443,17.432,17.688,18.016,4.21,0.43,2414.1,True,3,224,2.8.0+cu128,12.8,2026-04-29T07:57:42
mobilenetv3_large_100,MobileNetV3-L,MobileNet,cnn,fp16,False,none,NVIDIA H100 NVL,99.9,512,23089.35,1158531056,22.175,22.157,22.313,22.396,4.21,0.43,2251.5,True,3,224,2.8.0+cu128,12.8,2026-04-29T07:58:17
mobilenetv3_large_100,MobileNetV3-L,MobileNet,cnn,fp16,True,default,NVIDIA H100 NVL,99.9,512,48744.08,2445782838,10.504,10.541,10.709,10.867,4.21,0.43,1223.9,True,3,224,2.8.0+cu128,12.8,2026-04-29T07:58:59
mobilenetv3_large_100,MobileNetV3-L,MobileNet,cnn,amp,False,none,NVIDIA H100 NVL,99.9,512,22364.57,1122164850,22.893,22.892,22.901,22.906,4.21,0.43,2414.1,True,3,224,2.8.0+cu128,12.8,2026-04-29T07:59:32
mobilenetv3_large_100,MobileNetV3-L,MobileNet,cnn,amp,True,default,NVIDIA H100 NVL,99.9,512,45282.97,2272118143,11.307,11.307,11.559,11.763,4.21,0.43,1386.5,True,3,224,2.8.0+cu128,12.8,2026-04-29T08:00:12
mobilenetv3_large_100,MobileNetV3-L,MobileNet,cnn,bf16,False,none,NVIDIA H100 NVL,99.9,512,20637.33,1035498877,24.809,24.823,24.838,24.853,4.21,0.43,2251.5,True,3,224,2.8.0+cu128,12.8,2026-04-29T08:00:45
mobilenetv3_large_100,MobileNetV3-L,MobileNet,cnn,bf16,True,default,NVIDIA H100 NVL,99.9,512,44936.38,2254727808,11.394,11.408,11.690,11.820,4.21,0.43,1223.9,True,3,224,2.8.0+cu128,12.8,2026-04-29T08:01:27
regnety_004,RegNetY-400MF,RegNet,cnn,fp32,False,none,NVIDIA H100 NVL,99.9,512,16048.93,805271235,31.902,31.904,32.351,32.737,3.91,0.80,4262.6,True,3,224,2.8.0+cu128,12.8,2026-04-29T08:02:04
regnety_004,RegNetY-400MF,RegNet,cnn,fp32,True,default,NVIDIA H100 NVL,99.9,512,31117.49,1561351021,16.454,16.484,16.680,16.939,3.91,0.80,2722.4,True,3,224,2.8.0+cu128,12.8,2026-04-29T08:02:44
regnety_004,RegNetY-400MF,RegNet,cnn,fp16,False,none,NVIDIA H100 NVL,99.9,512,21180.09,1062732134,24.174,24.151,24.341,24.416,3.91,0.80,2149.2,True,3,224,2.8.0+cu128,12.8,2026-04-29T08:03:17
regnety_004,RegNetY-400MF,RegNet,cnn,fp16,True,default,NVIDIA H100 NVL,99.9,512,48919.87,2454603155,10.466,10.464,10.688,10.842,3.91,0.80,1378.0,True,3,224,2.8.0+cu128,12.8,2026-04-29T08:03:56
regnety_004,RegNetY-400MF,RegNet,cnn,amp,False,none,NVIDIA H100 NVL,99.9,512,21090.51,1058237276,24.276,24.277,24.334,24.353,3.91,0.80,2311.2,True,3,224,2.8.0+cu128,12.8,2026-04-29T08:04:30
regnety_004,RegNetY-400MF,RegNet,cnn,amp,True,default,NVIDIA H100 NVL,99.9,512,45469.40,2281472392,11.260,11.251,11.467,11.661,3.91,0.80,1547.2,True,3,224,2.8.0+cu128,12.8,2026-04-29T08:05:10
regnety_004,RegNetY-400MF,RegNet,cnn,bf16,False,none,NVIDIA H100 NVL,99.9,512,21197.43,1063602182,24.154,24.149,24.201,24.240,3.91,0.80,2149.2,True,3,224,2.8.0+cu128,12.8,2026-04-29T08:05:43
regnety_004,RegNetY-400MF,RegNet,cnn,bf16,True,default,NVIDIA H100 NVL,99.9,512,46063.50,2311281930,11.115,11.117,11.373,11.510,3.91,0.80,1378.0,True,3,224,2.8.0+cu128,12.8,2026-04-29T08:06:23
regnety_040,RegNetY-4GF,RegNet,cnn,fp32,False,none,NVIDIA H100 NVL,99.9,512,5012.26,251494946,102.150,102.116,103.409,104.403,19.57,7.94,9463.7,True,3,224,2.8.0+cu128,12.8,2026-04-29T08:07:01
regnety_040,RegNetY-4GF,RegNet,cnn,fp32,True,default,NVIDIA H100 NVL,99.9,512,6937.17,348079476,73.805,73.758,74.844,75.588,19.57,7.94,9463.7,True,3,224,2.8.0+cu128,12.8,2026-04-29T08:07:45
regnety_040,RegNetY-4GF,RegNet,cnn,fp16,False,none,NVIDIA H100 NVL,99.9,512,7161.71,359345804,71.491,71.504,72.592,73.434,19.57,7.94,4748.7,True,3,224,2.8.0+cu128,12.8,2026-04-29T08:08:20
regnety_040,RegNetY-4GF,RegNet,cnn,fp16,True,default,NVIDIA H100 NVL,99.9,512,10366.93,520171027,49.388,49.403,50.125,50.339,19.57,7.94,4748.7,True,3,224,2.8.0+cu128,12.8,2026-04-29T08:09:02
regnety_040,RegNetY-4GF,RegNet,cnn,amp,False,none,NVIDIA H100 NVL,99.9,512,7141.76,358344848,71.691,71.623,72.596,73.254,19.57,7.94,4942.2,True,3,224,2.8.0+cu128,12.8,2026-04-29T08:09:37
regnety_040,RegNetY-4GF,RegNet,cnn,amp,True,default,NVIDIA H100 NVL,99.9,512,10289.21,516271399,49.761,49.787,50.428,50.768,19.57,7.94,4942.2,True,3,224,2.8.0+cu128,12.8,2026-04-29T08:10:20
regnety_040,RegNetY-4GF,RegNet,cnn,bf16,False,none,NVIDIA H100 NVL,99.9,512,7251.53,363852680,70.606,70.557,71.764,72.526,19.57,7.94,4748.7,True,3,224,2.8.0+cu128,12.8,2026-04-29T08:10:55
regnety_040,RegNetY-4GF,RegNet,cnn,bf16,True,default,NVIDIA H100 NVL,99.9,512,10459.29,524805261,48.952,48.932,49.755,50.075,19.57,7.94,4748.7,True,3,224,2.8.0+cu128,12.8,2026-04-29T08:11:38
vit_tiny_patch16_224,ViT-Ti/16,ViT,vit,fp32,False,none,NVIDIA H100 NVL,99.9,512,15799.63,792762340,32.406,32.372,33.159,33.308,5.53,2.15,1293.5,True,3,224,2.8.0+cu128,12.8,2026-04-29T08:12:15
vit_tiny_patch16_224,ViT-Ti/16,ViT,vit,fp32,True,default,NVIDIA H100 NVL,99.9,512,18206.04,913506350,28.123,28.101,28.580,28.771,5.53,2.15,1216.1,True,3,224,2.8.0+cu128,12.8,2026-04-29T08:12:53
vit_tiny_patch16_224,ViT-Ti/16,ViT,vit,fp16,False,none,NVIDIA H100 NVL,99.9,512,34648.38,1738516971,14.777,14.801,15.008,15.187,5.53,2.15,663.6,True,3,224,2.8.0+cu128,12.8,2026-04-29T08:13:26
vit_tiny_patch16_224,ViT-Ti/16,ViT,vit,fp16,True,default,NVIDIA H100 NVL,99.9,512,41706.53,2092666918,12.276,12.275,12.482,12.602,5.53,2.15,626.0,True,3,224,2.8.0+cu128,12.8,2026-04-29T08:14:04
vit_tiny_patch16_224,ViT-Ti/16,ViT,vit,amp,False,none,NVIDIA H100 NVL,99.9,512,27763.62,1393067161,18.441,18.392,18.758,19.071,5.53,2.15,994.3,True,3,224,2.8.0+cu128,12.8,2026-04-29T08:14:37
vit_tiny_patch16_224,ViT-Ti/16,ViT,vit,amp,True,default,NVIDIA H100 NVL,99.9,512,40225.81,2018370322,12.728,12.718,12.905,13.119,5.53,2.15,830.6,True,3,224,2.8.0+cu128,12.8,2026-04-29T08:15:14
vit_tiny_patch16_224,ViT-Ti/16,ViT,vit,bf16,False,none,NVIDIA H100 NVL,99.9,512,35692.13,1790888380,14.345,14.355,14.596,14.942,5.53,2.15,663.6,True,3,224,2.8.0+cu128,12.8,2026-04-29T08:15:48
vit_tiny_patch16_224,ViT-Ti/16,ViT,vit,bf16,True,default,NVIDIA H100 NVL,99.9,512,42984.85,2156807880,11.911,11.935,12.082,12.253,5.53,2.15,626.0,True,3,224,2.8.0+cu128,12.8,2026-04-29T08:16:25
vit_small_patch16_224,ViT-S/16,ViT,vit,fp32,False,none,NVIDIA H100 NVL,99.9,512,7866.14,394691575,65.089,65.022,65.606,65.841,21.67,8.48,2289.0,True,3,224,2.8.0+cu128,12.8,2026-04-29T08:17:02
vit_small_patch16_224,ViT-S/16,ViT,vit,fp32,True,default,NVIDIA H100 NVL,99.9,512,8530.97,428049766,60.017,59.997,60.354,60.726,21.67,8.48,2134.0,True,3,224,2.8.0+cu128,12.8,2026-04-29T08:17:41
vit_small_patch16_224,ViT-S/16,ViT,vit,fp16,False,none,NVIDIA H100 NVL,99.9,512,16554.35,830631242,30.928,30.895,31.328,31.531,21.67,8.48,1160.6,True,3,224,2.8.0+cu128,12.8,2026-04-29T08:18:15
vit_small_patch16_224,ViT-S/16,ViT,vit,fp16,True,default,NVIDIA H100 NVL,99.9,512,18496.62,928086325,27.681,27.664,28.134,28.458,21.67,8.48,1085.6,True,3,224,2.8.0+cu128,12.8,2026-04-29T08:18:52
vit_small_patch16_224,ViT-S/16,ViT,vit,amp,False,none,NVIDIA H100 NVL,99.9,512,13754.82,690161739,37.223,37.247,37.724,38.051,21.67,8.48,1709.9,True,3,224,2.8.0+cu128,12.8,2026-04-29T08:19:26
vit_small_patch16_224,ViT-S/16,ViT,vit,amp,True,default,NVIDIA H100 NVL,99.9,512,17902.44,898272846,28.599,28.569,29.036,29.524,21.67,8.48,1362.9,True,3,224,2.8.0+cu128,12.8,2026-04-29T08:20:04
vit_small_patch16_224,ViT-S/16,ViT,vit,bf16,False,none,NVIDIA H100 NVL,99.9,512,17060.30,856017751,30.011,30.007,30.462,30.830,21.67,8.48,1160.6,True,3,224,2.8.0+cu128,12.8,2026-04-29T08:20:38
vit_small_patch16_224,ViT-S/16,ViT,vit,bf16,True,default,NVIDIA H100 NVL,99.9,512,19078.71,957293184,26.836,26.842,27.288,27.664,21.67,8.48,1085.6,True,3,224,2.8.0+cu128,12.8,2026-04-29T08:21:16
vit_base_patch16_224,ViT-B/16,ViT,vit,fp32,False,none,NVIDIA H100 NVL,99.9,512,3314.78,166322602,154.460,154.450,155.540,156.097,85.81,33.70,4404.4,True,3,224,2.8.0+cu128,12.8,2026-04-29T08:21:57
vit_base_patch16_224,ViT-B/16,ViT,vit,fp32,True,default,NVIDIA H100 NVL,99.9,512,3472.98,174260003,147.424,147.406,148.692,149.798,85.81,33.70,4094.5,True,3,224,2.8.0+cu128,12.8,2026-04-29T08:22:38
vit_base_patch16_224,ViT-B/16,ViT,vit,fp16,False,none,NVIDIA H100 NVL,99.9,512,7046.11,353545602,72.664,72.621,73.679,74.288,85.81,33.70,2219.5,True,3,224,2.8.0+cu128,12.8,2026-04-29T08:23:13
vit_base_patch16_224,ViT-B/16,ViT,vit,fp16,True,default,NVIDIA H100 NVL,99.9,512,7407.37,371672088,69.120,69.029,70.387,70.975,85.81,33.70,2068.4,True,3,224,2.8.0+cu128,12.8,2026-04-29T08:23:53
vit_base_patch16_224,ViT-B/16,ViT,vit,amp,False,none,NVIDIA H100 NVL,99.9,512,6090.03,305573472,84.072,84.056,84.955,85.368,85.81,33.70,3333.5,True,3,224,2.8.0+cu128,12.8,2026-04-29T08:24:28
vit_base_patch16_224,ViT-B/16,ViT,vit,amp,True,default,NVIDIA H100 NVL,99.9,512,7246.16,363583448,70.658,70.627,71.802,72.255,85.81,33.70,2559.8,True,3,224,2.8.0+cu128,12.8,2026-04-29T08:25:08
vit_base_patch16_224,ViT-B/16,ViT,vit,bf16,False,none,NVIDIA H100 NVL,99.9,512,7309.80,366776575,70.043,70.065,70.942,71.394,85.81,33.70,2219.5,True,3,224,2.8.0+cu128,12.8,2026-04-29T08:25:43
vit_base_patch16_224,ViT-B/16,ViT,vit,bf16,True,default,NVIDIA H100 NVL,99.9,512,7717.33,387224715,66.344,66.272,67.312,67.767,85.81,33.70,2068.4,True,3,224,2.8.0+cu128,12.8,2026-04-29T08:26:23
vit_large_patch16_224,ViT-L/16,ViT,vit,fp32,False,none,NVIDIA H100 NVL,99.9,512,1146.70,57536632,446.500,446.603,448.411,448.994,303.31,119.29,6512.8,True,3,224,2.8.0+cu128,12.8,2026-04-29T08:27:13
vit_large_patch16_224,ViT-L/16,ViT,vit,fp32,True,default,NVIDIA H100 NVL,99.9,512,1175.52,58982950,435.551,435.694,438.588,439.755,303.31,119.29,6099.6,True,3,224,2.8.0+cu128,12.8,2026-04-29T08:28:04
vit_large_patch16_224,ViT-L/16,ViT,vit,fp16,False,none,NVIDIA H100 NVL,99.9,512,2394.29,120136136,213.842,213.955,215.944,216.396,303.31,119.29,3275.3,True,3,224,2.8.0+cu128,12.8,2026-04-29T08:28:44
vit_large_patch16_224,ViT-L/16,ViT,vit,fp16,True,default,NVIDIA H100 NVL,99.9,512,2474.34,124152568,206.924,206.822,209.867,211.174,303.31,119.29,3075.0,True,3,224,2.8.0+cu128,12.8,2026-04-29T08:29:31
vit_large_patch16_224,ViT-L/16,ViT,vit,amp,False,none,NVIDIA H100 NVL,99.9,512,2120.22,106384267,241.484,241.048,244.881,246.535,303.31,119.29,5457.8,True,3,224,2.8.0+cu128,12.8,2026-04-29T08:30:11
vit_large_patch16_224,ViT-L/16,ViT,vit,amp,True,default,NVIDIA H100 NVL,99.9,512,2420.64,121457999,211.514,211.419,213.878,214.997,303.31,119.29,4061.4,True,3,224,2.8.0+cu128,12.8,2026-04-29T08:30:58
vit_large_patch16_224,ViT-L/16,ViT,vit,bf16,False,none,NVIDIA H100 NVL,99.9,512,2491.93,125035263,205.463,205.494,207.149,207.809,303.31,119.29,3275.3,True,3,224,2.8.0+cu128,12.8,2026-04-29T08:31:38
vit_large_patch16_224,ViT-L/16,ViT,vit,bf16,True,default,NVIDIA H100 NVL,99.9,512,2584.51,129680560,198.103,198.159,200.673,201.935,303.31,119.29,3075.0,True,3,224,2.8.0+cu128,12.8,2026-04-29T08:32:24
deit3_small_patch16_224,DeiT3-S/16,DeiT,vit,fp32,False,none,NVIDIA H100 NVL,99.9,512,7458.19,374222173,68.649,68.595,69.242,69.320,21.68,8.48,2290.1,True,3,224,2.8.0+cu128,12.8,2026-04-29T08:33:02
deit3_small_patch16_224,DeiT3-S/16,DeiT,vit,fp32,True,default,NVIDIA H100 NVL,99.9,512,8531.98,428100434,60.010,60.037,60.372,60.616,21.68,8.48,2134.1,True,3,224,2.8.0+cu128,12.8,2026-04-29T08:33:41
deit3_small_patch16_224,DeiT3-S/16,DeiT,vit,fp16,False,none,NVIDIA H100 NVL,99.9,512,15206.78,763015187,33.669,33.658,34.182,34.483,21.68,8.48,1160.7,True,3,224,2.8.0+cu128,12.8,2026-04-29T08:34:15
deit3_small_patch16_224,DeiT3-S/16,DeiT,vit,fp16,True,default,NVIDIA H100 NVL,99.9,512,18343.92,920424310,27.911,27.891,28.324,28.563,21.68,8.48,1085.6,True,3,224,2.8.0+cu128,12.8,2026-04-29T08:34:53
deit3_small_patch16_224,DeiT3-S/16,DeiT,vit,amp,False,none,NVIDIA H100 NVL,99.9,512,12490.42,626719300,40.991,41.012,41.530,41.871,21.68,8.48,1710.5,True,3,224,2.8.0+cu128,12.8,2026-04-29T08:35:27
deit3_small_patch16_224,DeiT3-S/16,DeiT,vit,amp,True,default,NVIDIA H100 NVL,99.9,512,17726.42,889441059,28.883,28.884,29.388,29.740,21.68,8.48,1362.9,True,3,224,2.8.0+cu128,12.8,2026-04-29T08:36:05
deit3_small_patch16_224,DeiT3-S/16,DeiT,vit,bf16,False,none,NVIDIA H100 NVL,99.9,512,15558.64,780670101,32.908,32.915,33.345,33.623,21.68,8.48,1160.7,True,3,224,2.8.0+cu128,12.8,2026-04-29T08:36:39
deit3_small_patch16_224,DeiT3-S/16,DeiT,vit,bf16,True,default,NVIDIA H100 NVL,99.9,512,18874.12,947027825,27.127,27.154,27.559,27.804,21.68,8.48,1085.6,True,3,224,2.8.0+cu128,12.8,2026-04-29T08:37:17
deit3_base_patch16_224,DeiT3-B/16,DeiT,vit,fp32,False,none,NVIDIA H100 NVL,99.9,512,3171.46,159131402,161.440,161.460,162.450,162.831,85.82,33.70,4404.5,True,3,224,2.8.0+cu128,12.8,2026-04-29T08:37:57
deit3_base_patch16_224,DeiT3-B/16,DeiT,vit,fp32,True,default,NVIDIA H100 NVL,99.9,512,3457.68,173492530,148.076,148.085,149.288,149.874,85.82,33.70,4094.6,True,3,224,2.8.0+cu128,12.8,2026-04-29T08:38:39
deit3_base_patch16_224,DeiT3-B/16,DeiT,vit,fp16,False,none,NVIDIA H100 NVL,99.9,512,6548.30,328567548,78.188,78.201,78.927,79.552,85.82,33.70,2218.5,True,3,224,2.8.0+cu128,12.8,2026-04-29T08:39:14
deit3_base_patch16_224,DeiT3-B/16,DeiT,vit,fp16,True,default,NVIDIA H100 NVL,99.9,512,7364.65,369528752,69.521,69.382,70.791,71.652,85.82,33.70,2068.4,True,3,224,2.8.0+cu128,12.8,2026-04-29T08:39:54
deit3_base_patch16_224,DeiT3-B/16,DeiT,vit,amp,False,none,NVIDIA H100 NVL,99.9,512,5583.29,280146912,91.702,91.723,92.648,93.260,85.82,33.70,3333.5,True,3,224,2.8.0+cu128,12.8,2026-04-29T08:40:29
deit3_base_patch16_224,DeiT3-B/16,DeiT,vit,amp,True,default,NVIDIA H100 NVL,99.9,512,7198.69,361201603,71.124,71.039,72.233,73.463,85.82,33.70,2559.9,True,3,224,2.8.0+cu128,12.8,2026-04-29T08:41:09
deit3_base_patch16_224,DeiT3-B/16,DeiT,vit,bf16,False,none,NVIDIA H100 NVL,99.9,512,6773.46,339865021,75.589,75.616,76.643,76.961,85.82,33.70,2218.5,True,3,224,2.8.0+cu128,12.8,2026-04-29T08:41:45
deit3_base_patch16_224,DeiT3-B/16,DeiT,vit,bf16,True,default,NVIDIA H100 NVL,99.9,512,7668.14,384756823,66.770,66.684,67.941,68.478,85.82,33.70,2068.4,True,3,224,2.8.0+cu128,12.8,2026-04-29T08:42:24
swin_tiny_patch4_window7_224,Swin-T,Swin,vit,fp32,False,none,NVIDIA H100 NVL,99.9,512,4097.45,205593639,124.956,125.106,126.878,127.318,27.53,8.98,8180.4,True,3,224,2.8.0+cu128,12.8,2026-04-29T08:43:03
swin_tiny_patch4_window7_224,Swin-T,Swin,vit,fp32,True,default,NVIDIA H100 NVL,99.9,512,6569.90,329651124,77.931,77.976,79.030,79.269,27.53,8.98,9959.7,True,3,224,2.8.0+cu128,12.8,2026-04-29T08:43:54
swin_tiny_patch4_window7_224,Swin-T,Swin,vit,fp16,False,none,NVIDIA H100 NVL,99.9,512,5866.73,294369282,87.272,87.269,88.652,89.132,27.53,8.98,4107.7,True,3,224,2.8.0+cu128,12.8,2026-04-29T08:44:30
swin_tiny_patch4_window7_224,Swin-T,Swin,vit,fp16,True,default,NVIDIA H100 NVL,99.9,512,9556.57,479510638,53.576,53.530,54.288,54.548,27.53,8.98,5009.2,True,3,224,2.8.0+cu128,12.8,2026-04-29T08:45:21
swin_tiny_patch4_window7_224,Swin-T,Swin,vit,amp,False,none,NVIDIA H100 NVL,99.9,512,4698.65,235759679,108.967,108.777,111.147,111.860,27.53,8.98,6802.0,True,3,224,2.8.0+cu128,12.8,2026-04-29T08:45:56
swin_tiny_patch4_window7_224,Swin-T,Swin,vit,amp,True,default,NVIDIA H100 NVL,99.9,512,9305.15,466895153,55.023,54.981,55.679,56.143,27.53,8.98,6298.0,True,3,224,2.8.0+cu128,12.8,2026-04-29T08:46:48
swin_tiny_patch4_window7_224,Swin-T,Swin,vit,bf16,False,none,NVIDIA H100 NVL,99.9,512,6038.94,303009963,84.783,84.767,86.058,86.610,27.53,8.98,4107.7,True,3,224,2.8.0+cu128,12.8,2026-04-29T08:47:23
swin_tiny_patch4_window7_224,Swin-T,Swin,vit,bf16,True,default,NVIDIA H100 NVL,99.9,512,9790.52,491249089,52.295,52.311,52.953,53.481,27.53,8.98,5009.2,True,3,224,2.8.0+cu128,12.8,2026-04-29T08:48:14
swin_small_patch4_window7_224,Swin-S,Swin,vit,fp32,False,none,NVIDIA H100 NVL,99.9,512,2561.00,128500773,199.922,199.952,201.318,201.838,48.84,17.48,8266.2,True,3,224,2.8.0+cu128,12.8,2026-04-29T08:48:56
swin_small_patch4_window7_224,Swin-S,Swin,vit,fp32,True,default,NVIDIA H100 NVL,99.9,512,3903.51,195862272,131.164,131.133,133.372,134.569,48.84,17.48,10045.5,True,3,224,2.8.0+cu128,12.8,2026-04-29T08:49:46
swin_small_patch4_window7_224,Swin-S,Swin,vit,fp16,False,none,NVIDIA H100 NVL,99.9,512,3610.93,181182003,141.792,141.914,143.485,143.880,48.84,17.48,4150.7,True,3,224,2.8.0+cu128,12.8,2026-04-29T08:50:23
swin_small_patch4_window7_224,Swin-S,Swin,vit,fp16,True,default,NVIDIA H100 NVL,99.9,512,5812.41,291643396,88.087,88.091,89.118,89.660,48.84,17.48,5052.2,True,3,224,2.8.0+cu128,12.8,2026-04-29T08:51:13
swin_small_patch4_window7_224,Swin-S,Swin,vit,amp,False,none,NVIDIA H100 NVL,99.9,512,2918.78,146452497,175.416,175.505,177.277,177.907,48.84,17.48,6887.8,True,3,224,2.8.0+cu128,12.8,2026-04-29T08:51:51
swin_small_patch4_window7_224,Swin-S,Swin,vit,amp,True,default,NVIDIA H100 NVL,99.9,512,5696.23,285813861,89.884,89.907,90.801,90.986,48.84,17.48,6383.7,True,3,224,2.8.0+cu128,12.8,2026-04-29T08:52:43
swin_small_patch4_window7_224,Swin-S,Swin,vit,bf16,False,none,NVIDIA H100 NVL,99.9,512,3722.82,186796202,137.530,137.518,139.096,139.511,48.84,17.48,4150.7,True,3,224,2.8.0+cu128,12.8,2026-04-29T08:53:20
swin_small_patch4_window7_224,Swin-S,Swin,vit,bf16,True,default,NVIDIA H100 NVL,99.9,512,5975.51,299827148,85.683,85.738,86.465,86.877,48.84,17.48,5052.2,True,3,224,2.8.0+cu128,12.8,2026-04-29T08:54:11
swin_base_patch4_window7_224,Swin-B,Swin,vit,fp32,False,none,NVIDIA H100 NVL,99.9,512,1900.57,95363203,269.392,269.461,271.348,272.198,86.75,30.86,10993.3,True,3,224,2.8.0+cu128,12.8,2026-04-29T08:54:55
swin_base_patch4_window7_224,Swin-B,Swin,vit,fp32,True,default,NVIDIA H100 NVL,99.9,512,2772.69,139122355,184.658,184.877,186.659,187.447,86.75,30.86,13361.7,True,3,224,2.8.0+cu128,12.8,2026-04-29T08:55:55
swin_base_patch4_window7_224,Swin-B,Swin,vit,fp16,False,none,NVIDIA H100 NVL,99.9,512,2674.39,134190342,191.445,191.517,193.295,193.938,86.75,30.86,5515.7,True,3,224,2.8.0+cu128,12.8,2026-04-29T08:56:33
swin_base_patch4_window7_224,Swin-B,Swin,vit,fp16,True,default,NVIDIA H100 NVL,99.9,512,4268.82,214192305,119.939,119.925,120.853,121.230,86.75,30.86,6300.1,True,3,224,2.8.0+cu128,12.8,2026-04-29T08:57:32
swin_base_patch4_window7_224,Swin-B,Swin,vit,amp,False,none,NVIDIA H100 NVL,99.9,512,2190.93,109931924,233.691,233.815,235.178,235.402,86.75,30.86,9155.9,True,3,224,2.8.0+cu128,12.8,2026-04-29T08:58:12
swin_base_patch4_window7_224,Swin-B,Swin,vit,amp,True,default,NVIDIA H100 NVL,99.9,512,4120.82,206766280,124.247,124.309,125.740,126.498,86.75,30.86,8014.2,True,3,224,2.8.0+cu128,12.8,2026-04-29T08:59:11
swin_base_patch4_window7_224,Swin-B,Swin,vit,bf16,False,none,NVIDIA H100 NVL,99.9,512,2750.47,138007626,186.150,186.257,188.259,188.732,86.75,30.86,5515.7,True,3,224,2.8.0+cu128,12.8,2026-04-29T08:59:50
swin_base_patch4_window7_224,Swin-B,Swin,vit,bf16,True,default,NVIDIA H100 NVL,99.9,512,4403.64,220957020,116.267,116.256,117.633,117.944,86.75,30.86,6300.1,True,3,224,2.8.0+cu128,12.8,2026-04-29T09:00:49
swin_large_patch4_window7_224,Swin-L,Swin,vit,fp32,False,none,NVIDIA H100 NVL,99.9,512,1165.27,58468339,439.385,439.301,441.338,442.608,195.01,68.95,16577.1,True,3,224,2.8.0+cu128,12.8,2026-04-29T09:01:39
swin_large_patch4_window7_224,Swin-L,Swin,vit,fp32,True,default,NVIDIA H100 NVL,99.9,512,1593.49,79954707,321.308,321.283,324.241,325.270,195.01,68.95,20124.0,True,3,224,2.8.0+cu128,12.8,2026-04-29T09:02:44
swin_large_patch4_window7_224,Swin-L,Swin,vit,fp16,False,none,NVIDIA H100 NVL,99.9,512,1662.75,83429929,307.924,307.848,311.254,311.686,195.01,68.95,8306.1,True,3,224,2.8.0+cu128,12.8,2026-04-29T09:03:26
swin_large_patch4_window7_224,Swin-L,Swin,vit,fp16,True,default,NVIDIA H100 NVL,99.9,512,2466.08,123738001,207.617,207.601,209.523,210.091,195.01,68.95,9476.7,True,3,224,2.8.0+cu128,12.8,2026-04-29T09:04:29
swin_large_patch4_window7_224,Swin-L,Swin,vit,amp,False,none,NVIDIA H100 NVL,99.9,512,1392.46,69868076,367.695,367.621,369.572,369.946,195.01,68.95,13822.0,True,3,224,2.8.0+cu128,12.8,2026-04-29T09:05:12
swin_large_patch4_window7_224,Swin-L,Swin,vit,amp,True,default,NVIDIA H100 NVL,99.9,512,2433.19,122087639,210.424,210.422,212.374,213.061,195.01,68.95,12025.9,True,3,224,2.8.0+cu128,12.8,2026-04-29T09:06:15
swin_large_patch4_window7_224,Swin-L,Swin,vit,bf16,False,none,NVIDIA H100 NVL,99.9,512,1707.61,85680942,299.835,299.966,300.880,301.392,195.01,68.95,8306.1,True,3,224,2.8.0+cu128,12.8,2026-04-29T09:06:58
swin_large_patch4_window7_224,Swin-L,Swin,vit,bf16,True,default,NVIDIA H100 NVL,99.9,512,2561.65,128533601,199.871,199.822,201.043,201.381,195.01,68.95,9476.7,True,3,224,2.8.0+cu128,12.8,2026-04-29T09:08:00
beit_base_patch16_224,BEiT-B/16,BEiT,vit,fp32,False,none,NVIDIA H100 NVL,99.9,512,3032.29,152148295,168.849,168.859,170.049,170.260,85.77,35.13,4098.1,True,3,224,2.8.0+cu128,12.8,2026-04-29T09:08:43
beit_base_patch16_224,BEiT-B/16,BEiT,vit,fp32,True,default,NVIDIA H100 NVL,99.9,512,3298.55,165508151,155.220,155.323,156.607,157.044,85.77,35.13,4099.7,True,3,224,2.8.0+cu128,12.8,2026-04-29T09:09:26
beit_base_patch16_224,BEiT-B/16,BEiT,vit,fp16,False,none,NVIDIA H100 NVL,99.9,512,5799.20,290980605,88.288,88.301,89.159,89.525,85.77,35.13,2069.3,True,3,224,2.8.0+cu128,12.8,2026-04-29T09:10:03
beit_base_patch16_224,BEiT-B/16,BEiT,vit,fp16,True,default,NVIDIA H100 NVL,99.9,512,6401.97,321225019,79.975,79.982,80.553,80.756,85.77,35.13,2068.1,True,3,224,2.8.0+cu128,12.8,2026-04-29T09:10:44
beit_base_patch16_224,BEiT-B/16,BEiT,vit,amp,False,none,NVIDIA H100 NVL,99.9,512,5047.94,253285472,101.427,101.454,102.265,102.475,85.77,35.13,3034.6,True,3,224,2.8.0+cu128,12.8,2026-04-29T09:11:21
beit_base_patch16_224,BEiT-B/16,BEiT,vit,amp,True,default,NVIDIA H100 NVL,99.9,512,6283.75,315293574,81.480,81.484,82.468,82.803,85.77,35.13,2559.5,True,3,224,2.8.0+cu128,12.8,2026-04-29T09:12:02
beit_base_patch16_224,BEiT-B/16,BEiT,vit,bf16,False,none,NVIDIA H100 NVL,99.9,512,5986.99,300403106,85.519,85.428,86.420,86.675,85.77,35.13,2069.3,True,3,224,2.8.0+cu128,12.8,2026-04-29T09:12:39
beit_base_patch16_224,BEiT-B/16,BEiT,vit,bf16,True,default,NVIDIA H100 NVL,99.9,512,6662.01,334272836,76.854,76.840,77.764,78.033,85.77,35.13,2068.1,True,3,224,2.8.0+cu128,12.8,2026-04-29T09:13:20
beit_large_patch16_224,BEiT-L/16,BEiT,vit,fp32,False,none,NVIDIA H100 NVL,99.9,512,1066.63,53519446,480.015,480.046,480.695,480.751,303.42,123.11,6107.6,True,3,224,2.8.0+cu128,12.8,2026-04-29T09:14:12
beit_large_patch16_224,BEiT-L/16,BEiT,vit,fp32,True,default,NVIDIA H100 NVL,99.9,512,1109.26,55658203,461.569,460.709,469.831,474.307,303.42,123.11,6110.1,True,3,224,2.8.0+cu128,12.8,2026-04-29T09:15:07
beit_large_patch16_224,BEiT-L/16,BEiT,vit,fp16,False,none,NVIDIA H100 NVL,99.9,512,2021.92,101451982,253.224,253.289,256.070,256.869,303.42,123.11,3075.4,True,3,224,2.8.0+cu128,12.8,2026-04-29T09:15:50
beit_large_patch16_224,BEiT-L/16,BEiT,vit,fp16,True,default,NVIDIA H100 NVL,99.9,512,2205.73,110674617,232.123,232.111,234.554,235.187,303.42,123.11,3077.5,True,3,224,2.8.0+cu128,12.8,2026-04-29T09:16:39
beit_large_patch16_224,BEiT-L/16,BEiT,vit,amp,False,none,NVIDIA H100 NVL,99.9,512,1773.88,89006195,288.633,288.684,290.021,290.178,303.42,123.11,5061.6,True,3,224,2.8.0+cu128,12.8,2026-04-29T09:17:22
beit_large_patch16_224,BEiT-L/16,BEiT,vit,amp,True,default,NVIDIA H100 NVL,99.9,512,2148.21,107788352,238.338,239.349,240.529,240.856,303.42,123.11,4064.1,True,3,224,2.8.0+cu128,12.8,2026-04-29T09:18:12
beit_large_patch16_224,BEiT-L/16,BEiT,vit,bf16,False,none,NVIDIA H100 NVL,99.9,512,2054.08,103065298,249.261,249.684,251.279,251.816,303.42,123.11,3075.4,True,3,224,2.8.0+cu128,12.8,2026-04-29T09:18:54
beit_large_patch16_224,BEiT-L/16,BEiT,vit,bf16,True,default,NVIDIA H100 NVL,99.9,512,2293.97,115102441,223.193,223.257,225.173,225.712,303.42,123.11,3077.5,True,3,224,2.8.0+cu128,12.8,2026-04-29T09:19:43
coatnet_0_224,CoAtNet-0,CoAtNet,hybrid,fp32,False,none,NVIDIA H100 NVL,99.9,256,2915.22,146273943,87.815,87.817,88.696,89.318,24.28,9.09,16214.3,True,3,224,2.8.0+cu128,12.8,2026-04-29T09:20:26
coatnet_0_224,CoAtNet-0,CoAtNet,hybrid,fp32,True,default,NVIDIA H100 NVL,99.9,512,3326.08,166889523,153.935,153.924,155.155,155.630,24.28,9.09,13698.6,True,3,224,2.8.0+cu128,12.8,2026-04-29T09:21:25
coatnet_0_224,CoAtNet-0,CoAtNet,hybrid,fp16,False,none,NVIDIA H100 NVL,99.9,512,4128.53,207153063,124.015,124.191,125.548,126.038,24.28,9.09,16165.8,True,3,224,2.8.0+cu128,12.8,2026-04-29T09:22:03
coatnet_0_224,CoAtNet-0,CoAtNet,hybrid,fp16,True,default,NVIDIA H100 NVL,99.9,512,4437.69,222665534,115.375,115.433,116.625,116.832,24.28,9.09,10566.3,True,3,224,2.8.0+cu128,12.8,2026-04-29T09:22:47
coatnet_0_224,CoAtNet-0,CoAtNet,hybrid,amp,False,none,NVIDIA H100 NVL,99.9,512,4301.62,215838085,119.025,119.206,120.299,120.816,24.28,9.09,16368.6,True,3,224,2.8.0+cu128,12.8,2026-04-29T09:23:24
coatnet_0_224,CoAtNet-0,CoAtNet,hybrid,amp,True,default,NVIDIA H100 NVL,99.9,512,4378.98,219719815,116.922,117.034,118.248,118.696,24.28,9.09,10769.6,True,3,224,2.8.0+cu128,12.8,2026-04-29T09:24:08
coatnet_0_224,CoAtNet-0,CoAtNet,hybrid,bf16,False,none,NVIDIA H100 NVL,99.9,256,4276.20,214562558,59.866,59.870,60.849,61.414,24.28,9.09,8124.8,True,3,224,2.8.0+cu128,12.8,2026-04-29T09:24:47
coatnet_0_224,CoAtNet-0,CoAtNet,hybrid,bf16,True,default,NVIDIA H100 NVL,99.9,512,4420.48,221801923,115.825,115.861,117.109,117.479,24.28,9.09,10566.3,True,3,224,2.8.0+cu128,12.8,2026-04-29T09:25:31
coatnet_2_224,CoAtNet-2,CoAtNet,hybrid,fp32,False,none,NVIDIA H100 NVL,99.9,256,1239.39,62187838,206.553,206.603,207.733,208.136,73.67,32.85,22272.1,True,3,224,2.8.0+cu128,12.8,2026-04-29T09:26:18
coatnet_2_224,CoAtNet-2,CoAtNet,hybrid,fp32,True,default,NVIDIA H100 NVL,99.9,512,1574.41,78997649,325.201,324.897,328.531,329.855,73.67,32.85,20371.0,True,3,224,2.8.0+cu128,12.8,2026-04-29T09:27:13
coatnet_2_224,CoAtNet-2,CoAtNet,hybrid,fp16,False,none,NVIDIA H100 NVL,99.9,512,1882.98,94480628,271.909,271.980,273.750,274.259,73.67,32.85,22124.7,True,3,224,2.8.0+cu128,12.8,2026-04-29T09:27:54
coatnet_2_224,CoAtNet-2,CoAtNet,hybrid,fp16,True,default,NVIDIA H100 NVL,99.9,512,2360.26,118428571,216.925,216.958,218.375,218.545,73.67,32.85,15137.0,True,3,224,2.8.0+cu128,12.8,2026-04-29T09:28:44
coatnet_2_224,CoAtNet-2,CoAtNet,hybrid,amp,False,none,NVIDIA H100 NVL,99.9,512,1878.67,94264228,272.533,272.606,273.878,274.430,73.67,32.85,22426.7,True,3,224,2.8.0+cu128,12.8,2026-04-29T09:29:24
coatnet_2_224,CoAtNet-2,CoAtNet,hybrid,amp,True,default,NVIDIA H100 NVL,99.9,512,2322.29,116523380,220.472,220.343,222.094,222.796,73.67,32.85,15438.7,True,3,224,2.8.0+cu128,12.8,2026-04-29T09:30:14
coatnet_2_224,CoAtNet-2,CoAtNet,hybrid,bf16,False,none,NVIDIA H100 NVL,99.9,256,1890.54,94859544,135.411,135.476,136.976,137.474,73.67,32.85,11155.0,True,3,224,2.8.0+cu128,12.8,2026-04-29T09:30:55
coatnet_2_224,CoAtNet-2,CoAtNet,hybrid,bf16,True,default,NVIDIA H100 NVL,99.9,512,2359.43,118386701,217.002,216.825,219.060,219.877,73.67,32.85,15137.0,True,3,224,2.8.0+cu128,12.8,2026-04-29T09:31:45
dofa_base,DOFA-B/16,DOFA,vit,fp32,False,none,NVIDIA H100 NVL,99.9,512,3260.13,163580212,157.049,157.075,158.215,158.557,111.35,34.00,4197.7,True,3,224,2.8.0+cu128,12.8,2026-04-29T09:32:27
dofa_base,DOFA-B/16,DOFA,vit,fp32,True,default,NVIDIA H100 NVL,99.9,512,3426.56,171931025,149.421,149.336,150.917,151.473,111.35,34.00,4198.2,True,3,224,2.8.0+cu128,12.8,2026-04-29T09:33:10
dofa_large,DOFA-L/16,DOFA,vit,fp32,False,none,NVIDIA H100 NVL,99.9,512,1125.72,56484319,454.818,455.399,458.653,459.493,337.15,119.65,6237.1,True,3,224,2.8.0+cu128,12.8,2026-04-29T09:34:00
dofa_large,DOFA-L/16,DOFA,vit,fp32,True,default,NVIDIA H100 NVL,99.9,512,1155.52,57979469,443.090,443.532,449.027,450.540,337.15,119.65,6237.1,True,3,224,2.8.0+cu128,12.8,2026-04-29T09:34:52
croma_optical,CROMA-Optical,CROMA,vit,fp32,False,none,NVIDIA H100 NVL,99.9,512,2326.56,33502527,220.067,219.987,221.491,222.592,90.34,40.36,6905.2,True,12,120,2.8.0+cu128,12.8,2026-04-29T09:35:36
croma_optical,CROMA-Optical,CROMA,vit,fp32,True,default,NVIDIA H100 NVL,99.9,512,2750.21,39602962,186.168,186.281,188.195,188.666,90.34,40.36,9145.5,True,12,120,2.8.0+cu128,12.8,2026-04-29T09:36:21
croma_sar,CROMA-SAR,CROMA,vit,fp32,False,none,NVIDIA H100 NVL,99.9,512,4628.64,66652402,110.616,110.329,113.379,113.984,47.34,20.10,6437.7,True,2,120,2.8.0+cu128,12.8,2026-04-29T09:37:02
croma_sar,CROMA-SAR,CROMA,vit,fp32,True,default,NVIDIA H100 NVL,99.9,512,5503.79,79254577,93.027,93.190,94.532,95.918,47.34,20.10,8679.6,True,2,120,2.8.0+cu128,12.8,2026-04-29T09:37:41
senpamae,SenPaMAE-B/16,SenPaMAE,vit,fp32,False,none,NVIDIA H100 NVL,99.9,512,2888.63,59898554,177.247,177.186,178.911,179.689,95.02,41.43,5509.8,True,3,144,2.8.0+cu128,12.8,2026-04-29T09:38:23
senpamae,SenPaMAE-B/16,SenPaMAE,vit,fp32,True,default,NVIDIA H100 NVL,99.9,512,2955.69,61289268,173.225,173.383,174.955,175.837,95.02,41.43,5128.1,True,3,144,2.8.0+cu128,12.8,2026-04-29T09:39:05
galileo_nano,Galileo-Nano,Galileo,vit,fp32,False,none,NVIDIA H100 NVL,99.9,512,4785.14,19599920,106.998,106.984,107.284,107.369,1.04,0.51,3480.1,True,10,64,2.8.0+cu128,12.8,2026-04-29T09:39:45
galileo_nano,Galileo-Nano,Galileo,vit,fp32,True,default,NVIDIA H100 NVL,99.9,512,9091.66,37239457,56.315,56.304,56.514,56.594,1.04,0.51,8084.0,True,10,64,2.8.0+cu128,12.8,2026-04-29T09:42:13
galileo_base,Galileo-Base,Galileo,vit,fp32,False,none,NVIDIA H100 NVL,99.9,512,1349.40,5527150,379.427,379.329,380.789,381.441,86.52,54.42,9514.0,True,10,64,2.8.0+cu128,12.8,2026-04-29T09:43:05
galileo_base,Galileo-Base,Galileo,vit,fp32,True,default,NVIDIA H100 NVL,99.9,512,1757.36,7198155,291.346,291.519,295.593,296.109,86.52,54.42,17591.8,True,10,64,2.8.0+cu128,12.8,2026-04-29T09:44:13
galileo_large,Galileo-Large,Galileo,vit,fp32,False,none,NVIDIA H100 NVL,99.9,512,393.07,1610004,1302.575,1300.617,1312.269,1317.043,474.70,302.09,15838.6,True,10,64,2.8.0+cu128,12.8,2026-04-29T09:45:30
galileo_large,Galileo-Large,Galileo,vit,fp32,True,default,NVIDIA H100 NVL,99.9,512,442.14,1810987,1158.016,1158.940,1162.856,1163.856,474.70,302.09,23371.2,True,10,64,2.8.0+cu128,12.8,2026-04-29T09:47:04
olmoearth_nano,OlmoEarth-Nano,OlmoEarth,vit,fp32,False,none,NVIDIA H100 NVL,99.9,512,5617.15,92031391,91.149,91.188,91.765,92.252,2.65,1.26,3292.8,True,12,128,2.8.0+cu128,12.8,2026-04-29T09:47:44
olmoearth_nano,OlmoEarth-Nano,OlmoEarth,vit,fp32,True,default,NVIDIA H100 NVL,99.9,512,5987.77,98103696,85.508,85.397,86.565,86.935,2.65,1.26,3117.3,True,12,128,2.8.0+cu128,12.8,2026-04-29T09:48:25
olmoearth_tiny,OlmoEarth-Tiny,OlmoEarth,vit,fp32,False,none,NVIDIA H100 NVL,99.9,512,2752.03,45089265,186.044,186.138,186.772,186.831,12.90,8.23,4743.3,True,12,128,2.8.0+cu128,12.8,2026-04-29T09:49:07
olmoearth_tiny,OlmoEarth-Tiny,OlmoEarth,vit,fp32,True,default,NVIDIA H100 NVL,99.9,512,3055.63,50063476,167.559,167.452,168.858,169.140,12.90,8.23,4467.1,True,12,128,2.8.0+cu128,12.8,2026-04-29T09:49:52
olmoearth_base,OlmoEarth-Base,OlmoEarth,vit,fp32,False,none,NVIDIA H100 NVL,99.9,512,602.33,9868629,850.028,850.000,851.405,851.967,202.02,130.76,18184.5,True,12,128,2.8.0+cu128,12.8,2026-04-29T09:50:50
olmoearth_base,OlmoEarth-Base,OlmoEarth,vit,fp32,True,default,NVIDIA H100 NVL,99.9,512,611.86,10024745,836.790,837.164,839.115,839.640,202.02,130.76,17002.3,True,12,128,2.8.0+cu128,12.8,2026-04-29T09:51:49
olmoearth_large,OlmoEarth-Large,OlmoEarth,vit,fp32,False,none,NVIDIA H100 NVL,99.9,512,205.31,3363720,2493.848,2494.012,2497.307,2497.753,660.80,464.26,25658.3,True,12,128,2.8.0+cu128,12.8,2026-04-29T09:53:27
olmoearth_large,OlmoEarth-Large,OlmoEarth,vit,fp32,True,default,NVIDIA H100 NVL,99.9,512,210.35,3446350,2434.056,2439.323,2441.859,2442.016,660.80,464.26,24073.5,True,12,128,2.8.0+cu128,12.8,2026-04-29T09:55:06
resnet18,ResNet-18,ResNet,cnn,fp32,False,none,NVIDIA H100 NVL,99.9,512,54655.32,787036649,9.368,9.364,9.512,9.558,11.18,1.08,1140.1,True,2,120,2.8.0+cu128,12.8,2026-04-29T23:09:55
resnet50,ResNet-50,ResNet,cnn,fp32,False,none,NVIDIA H100 NVL,99.9,512,16407.59,236269249,31.205,31.185,31.463,31.567,23.53,2.50,1720.4,True,2,120,2.8.0+cu128,12.8,2026-04-29T23:10:29
resnet101,ResNet-101,ResNet,cnn,fp32,False,none,NVIDIA H100 NVL,99.9,512,9505.26,136875816,53.865,53.838,54.046,54.125,42.52,4.92,1796.7,True,2,120,2.8.0+cu128,12.8,2026-04-29T23:11:04
resnet152,ResNet-152,ResNet,cnn,fp32,False,none,NVIDIA H100 NVL,99.9,512,6651.03,95774780,76.981,76.964,77.388,77.598,58.16,7.27,1859.4,True,2,120,2.8.0+cu128,12.8,2026-04-29T23:11:40
efficientnet_b0,EfficientNet-B0,EfficientNet,cnn,fp32,False,none,NVIDIA H100 NVL,99.9,512,23225.93,334453349,22.044,22.041,22.088,22.097,4.02,0.24,1881.5,True,2,120,2.8.0+cu128,12.8,2026-04-29T23:12:14
efficientnet_b4,EfficientNet-B4,EfficientNet,cnn,fp32,False,none,NVIDIA H100 NVL,99.9,512,8153.72,117413636,62.793,62.784,62.932,62.976,17.57,0.95,2818.2,True,2,120,2.8.0+cu128,12.8,2026-04-29T23:12:49
efficientnet_b7,EfficientNet-B7,EfficientNet,cnn,fp32,False,none,NVIDIA H100 NVL,99.9,512,3303.47,47569982,154.988,154.984,155.556,155.786,63.81,3.28,3888.2,True,2,120,2.8.0+cu128,12.8,2026-04-29T23:13:27
convnext_tiny,ConvNeXt-T,ConvNeXt,cnn,fp32,False,none,NVIDIA H100 NVL,99.9,512,19241.39,277075985,26.609,26.537,27.344,27.636,27.83,2.24,2152.4,True,2,120,2.8.0+cu128,12.8,2026-04-29T23:14:02
convnext_small,ConvNeXt-S,ConvNeXt,cnn,fp32,False,none,NVIDIA H100 NVL,99.9,512,12149.32,174950202,42.142,42.062,44.179,45.122,49.46,4.35,2238.9,True,2,120,2.8.0+cu128,12.8,2026-04-29T23:14:37
convnext_base,ConvNeXt-B,ConvNeXt,cnn,fp32,False,none,NVIDIA H100 NVL,99.9,512,8707.14,125382812,58.802,58.792,59.606,59.831,87.57,7.69,3040.2,True,2,120,2.8.0+cu128,12.8,2026-04-29T23:15:14
convnext_large,ConvNeXt-L,ConvNeXt,cnn,fp32,False,none,NVIDIA H100 NVL,99.9,512,5198.96,74865043,98.481,98.485,99.176,99.570,196.24,17.21,4771.4,True,2,120,2.8.0+cu128,12.8,2026-04-29T23:15:53
mobilenetv3_small_100,MobileNetV3-S,MobileNet,cnn,fp32,False,none,NVIDIA H100 NVL,99.9,512,93446.24,1345625882,5.479,5.478,5.485,5.490,1.53,0.04,511.7,True,2,120,2.8.0+cu128,12.8,2026-04-29T23:16:27
mobilenetv3_large_100,MobileNetV3-L,MobileNet,cnn,fp32,False,none,NVIDIA H100 NVL,99.9,512,40316.10,580551844,12.700,12.698,12.714,12.720,4.21,0.14,1289.2,True,2,120,2.8.0+cu128,12.8,2026-04-29T23:17:00
regnety_004,RegNetY-400MF,RegNet,cnn,fp32,False,none,NVIDIA H100 NVL,99.9,512,37838.85,544879464,13.531,13.530,13.542,13.547,3.91,0.25,1229.3,True,2,120,2.8.0+cu128,12.8,2026-04-29T23:17:34
regnety_040,RegNetY-4GF,RegNet,cnn,fp32,False,none,NVIDIA H100 NVL,99.9,512,13547.00,195076866,37.794,37.748,38.451,38.749,19.57,2.46,2768.5,True,2,120,2.8.0+cu128,12.8,2026-04-29T23:18:09
vit_tiny_patch16_224,ViT-Ti/16,ViT,vit,fp32,False,none,NVIDIA H100 NVL,99.9,512,80410.17,1157906410,6.367,6.365,6.437,6.501,5.45,0.54,350.3,True,2,120,2.8.0+cu128,12.8,2026-04-29T23:18:42
vit_small_patch16_224,ViT-S/16,ViT,vit,fp32,False,none,NVIDIA H100 NVL,99.9,512,39742.17,572287264,12.883,12.895,13.002,13.151,21.51,2.14,650.5,True,2,120,2.8.0+cu128,12.8,2026-04-29T23:19:16
vit_base_patch16_224,ViT-B/16,ViT,vit,fp32,False,none,NVIDIA H100 NVL,99.9,512,16271.80,234313911,31.465,31.451,31.953,32.480,85.50,8.53,1380.4,True,2,120,2.8.0+cu128,12.8,2026-04-29T23:19:51
vit_large_patch16_224,ViT-L/16,ViT,vit,fp32,False,none,NVIDIA H100 NVL,99.9,512,5356.40,77132173,95.587,95.657,96.362,97.509,302.90,30.25,2562.4,True,2,120,2.8.0+cu128,12.8,2026-04-29T23:20:31
deit3_small_patch16_224,DeiT3-S/16,DeiT,vit,fp32,False,none,NVIDIA H100 NVL,99.9,512,37042.26,533408577,13.822,13.869,13.950,14.182,21.52,2.14,651.8,True,2,120,2.8.0+cu128,12.8,2026-04-29T23:21:05
deit3_base_patch16_224,DeiT3-B/16,DeiT,vit,fp32,False,none,NVIDIA H100 NVL,99.9,512,15393.42,221665289,33.261,33.222,33.700,34.267,85.51,8.53,1381.5,True,2,120,2.8.0+cu128,12.8,2026-04-29T23:21:40
swin_tiny_patch4_window7_224,Swin-T,Swin,vit,fp32,False,none,NVIDIA H100 NVL,99.9,512,9086.99,130852608,56.344,56.360,57.119,57.592,27.52,4.19,3032.9,True,2,120,2.8.0+cu128,12.8,2026-04-29T23:22:15
swin_small_patch4_window7_224,Swin-S,Swin,vit,fp32,False,none,NVIDIA H100 NVL,99.9,512,5035.37,72509261,101.681,101.687,102.723,103.092,48.84,8.95,3119.0,True,2,120,2.8.0+cu128,12.8,2026-04-29T23:22:51
swin_base_patch4_window7_224,Swin-B,Swin,vit,fp32,False,none,NVIDIA H100 NVL,99.9,512,3707.68,53390581,138.092,138.080,139.333,139.758,86.74,15.76,4213.0,True,2,120,2.8.0+cu128,12.8,2026-04-29T23:23:28
swin_large_patch4_window7_224,Swin-L,Swin,vit,fp32,False,none,NVIDIA H100 NVL,99.9,512,2307.08,33221915,221.926,221.928,222.987,223.337,194.99,35.11,6534.7,True,2,120,2.8.0+cu128,12.8,2026-04-29T23:24:09
beit_base_patch16_224,BEiT-B/16,BEiT,vit,fp32,False,none,NVIDIA H100 NVL,99.9,512,15276.32,219979000,33.516,33.533,33.958,34.659,85.49,8.62,1302.0,True,2,120,2.8.0+cu128,12.8,2026-04-29T23:24:44
beit_large_patch16_224,BEiT-L/16,BEiT,vit,fp32,False,none,NVIDIA H100 NVL,99.9,512,5097.05,73397501,100.450,100.330,101.729,102.591,302.94,30.50,2458.3,True,2,120,2.8.0+cu128,12.8,2026-04-29T23:25:23
resnet18,ResNet-18,ResNet,cnn,fp32,False,none,NVIDIA H100 NVL,99.9,512,37228.60,771972319,13.753,13.731,14.070,14.247,11.18,1.58,1692.6,True,3,144,2.8.0+cu128,12.8,2026-04-29T23:26:05
resnet50,ResNet-50,ResNet,cnn,fp32,False,none,NVIDIA H100 NVL,99.9,512,12094.49,250791357,42.333,42.344,43.166,43.453,23.53,3.52,2463.6,True,3,144,2.8.0+cu128,12.8,2026-04-29T23:26:40
resnet101,ResNet-101,ResNet,cnn,fp32,False,none,NVIDIA H100 NVL,99.9,512,7390.39,153247099,69.279,69.219,70.429,71.031,42.52,6.58,2539.8,True,3,144,2.8.0+cu128,12.8,2026-04-29T23:27:15
resnet152,ResNet-152,ResNet,cnn,fp32,False,none,NVIDIA H100 NVL,99.9,512,5224.27,108330421,98.004,97.997,99.405,99.991,58.16,9.65,2602.6,True,3,144,2.8.0+cu128,12.8,2026-04-29T23:27:51
efficientnet_b0,EfficientNet-B0,EfficientNet,cnn,fp32,False,none,NVIDIA H100 NVL,99.9,512,17873.91,370633467,28.645,28.616,28.935,29.079,4.02,0.34,2725.3,True,3,144,2.8.0+cu128,12.8,2026-04-29T23:28:25
efficientnet_b4,EfficientNet-B4,EfficientNet,cnn,fp32,False,none,NVIDIA H100 NVL,99.9,512,6348.00,131632044,80.655,80.498,81.514,81.797,17.57,1.35,4054.0,True,3,144,2.8.0+cu128,12.8,2026-04-29T23:29:01
efficientnet_b7,EfficientNet-B7,EfficientNet,cnn,fp32,False,none,NVIDIA H100 NVL,99.9,512,2540.47,52679093,201.538,201.459,202.772,203.128,63.81,4.68,5513.8,True,3,144,2.8.0+cu128,12.8,2026-04-29T23:29:39
convnext_tiny,ConvNeXt-T,ConvNeXt,cnn,fp32,False,none,NVIDIA H100 NVL,99.9,512,12796.00,265337758,40.013,39.997,40.397,40.531,27.83,3.55,3077.2,True,3,144,2.8.0+cu128,12.8,2026-04-29T23:30:15
convnext_small,ConvNeXt-S,ConvNeXt,cnn,fp32,False,none,NVIDIA H100 NVL,99.9,512,7780.87,161344105,65.802,65.768,66.675,66.929,49.46,7.05,3163.8,True,3,144,2.8.0+cu128,12.8,2026-04-29T23:30:50
convnext_base,ConvNeXt-B,ConvNeXt,cnn,fp32,False,none,NVIDIA H100 NVL,99.9,512,5623.50,116608995,91.046,90.980,91.982,92.279,87.58,12.46,4248.9,True,3,144,2.8.0+cu128,12.8,2026-04-29T23:31:28
convnext_large,ConvNeXt-L,ConvNeXt,cnn,fp32,False,none,NVIDIA H100 NVL,99.9,512,3411.66,70744202,150.074,150.016,150.846,151.400,196.25,27.88,6552.2,True,3,144,2.8.0+cu128,12.8,2026-04-29T23:32:07
mobilenetv3_small_100,MobileNetV3-S,MobileNet,cnn,fp32,False,none,NVIDIA H100 NVL,99.9,512,74172.84,1538047964,6.903,6.902,6.911,6.915,1.53,0.05,761.7,True,3,144,2.8.0+cu128,12.8,2026-04-29T23:32:41
mobilenetv3_large_100,MobileNetV3-L,MobileNet,cnn,fp32,False,none,NVIDIA H100 NVL,99.9,512,31181.89,646587704,16.420,16.413,16.451,16.484,4.21,0.19,1876.7,True,3,144,2.8.0+cu128,12.8,2026-04-29T23:33:15
regnety_004,RegNetY-400MF,RegNet,cnn,fp32,False,none,NVIDIA H100 NVL,99.9,512,30646.72,635490443,16.707,16.705,16.727,16.735,3.91,0.36,1791.1,True,3,144,2.8.0+cu128,12.8,2026-04-29T23:33:49
regnety_040,RegNetY-4GF,RegNet,cnn,fp32,False,none,NVIDIA H100 NVL,99.9,512,10199.92,211505538,50.196,50.210,50.702,51.534,19.57,3.34,3977.0,True,3,144,2.8.0+cu128,12.8,2026-04-29T23:34:23
vit_tiny_patch16_224,ViT-Ti/16,ViT,vit,fp32,False,none,NVIDIA H100 NVL,99.9,512,43022.36,892111564,11.901,11.922,12.063,12.236,5.50,0.89,571.0,True,3,144,2.8.0+cu128,12.8,2026-04-29T23:34:57
vit_small_patch16_224,ViT-S/16,ViT,vit,fp32,False,none,NVIDIA H100 NVL,99.9,512,21591.92,447730049,23.713,23.734,23.962,24.212,21.63,3.53,1022.4,True,3,144,2.8.0+cu128,12.8,2026-04-29T23:35:31
vit_base_patch16_224,ViT-B/16,ViT,vit,fp32,False,none,NVIDIA H100 NVL,99.9,512,8932.55,185225281,57.318,57.358,57.890,58.221,85.72,14.02,2054.2,True,3,144,2.8.0+cu128,12.8,2026-04-29T23:36:07
vit_large_patch16_224,ViT-L/16,ViT,vit,fp32,False,none,NVIDIA H100 NVL,99.9,512,3073.52,63732439,166.584,166.629,167.583,168.062,303.19,49.65,3437.9,True,3,144,2.8.0+cu128,12.8,2026-04-29T23:36:48
deit3_small_patch16_224,DeiT3-S/16,DeiT,vit,fp32,False,none,NVIDIA H100 NVL,99.9,512,20306.91,421084164,25.213,25.230,25.403,25.580,21.63,3.53,1022.4,True,3,144,2.8.0+cu128,12.8,2026-04-29T23:37:22
deit3_base_patch16_224,DeiT3-B/16,DeiT,vit,fp32,False,none,NVIDIA H100 NVL,99.9,512,8531.22,176903456,60.015,59.975,60.685,61.019,85.74,14.02,2055.3,True,3,144,2.8.0+cu128,12.8,2026-04-29T23:37:57
swin_tiny_patch4_window7_224,Swin-T,Swin,vit,fp32,False,none,NVIDIA H100 NVL,99.9,512,7074.72,146701463,72.370,72.466,73.291,73.737,27.52,5.26,4346.0,True,3,144,2.8.0+cu128,12.8,2026-04-29T23:38:33
swin_small_patch4_window7_224,Swin-S,Swin,vit,fp32,False,none,NVIDIA H100 NVL,99.9,512,4080.13,84605629,125.486,125.520,126.472,127.555,48.84,10.50,4431.8,True,3,144,2.8.0+cu128,12.8,2026-04-29T23:39:09
swin_base_patch4_window7_224,Swin-B,Swin,vit,fp32,False,none,NVIDIA H100 NVL,99.9,512,3019.46,62611576,169.567,169.552,170.614,171.268,86.75,18.50,5944.5,True,3,144,2.8.0+cu128,12.8,2026-04-29T23:39:47
swin_large_patch4_window7_224,Swin-L,Swin,vit,fp32,False,none,NVIDIA H100 NVL,99.9,512,1880.96,39003596,272.201,272.211,274.142,274.439,195.00,41.23,9088.5,True,3,144,2.8.0+cu128,12.8,2026-04-29T23:40:29
beit_base_patch16_224,BEiT-B/16,BEiT,vit,fp32,False,none,NVIDIA H100 NVL,99.9,512,8390.82,173992118,61.019,61.048,61.964,62.169,85.71,14.27,1925.8,True,3,144,2.8.0+cu128,12.8,2026-04-29T23:41:04
beit_large_patch16_224,BEiT-L/16,BEiT,vit,fp32,False,none,NVIDIA H100 NVL,99.9,512,2908.69,60314678,176.024,176.101,177.393,178.130,303.25,50.31,3267.5,True,3,144,2.8.0+cu128,12.8,2026-04-29T23:41:45
resnet18,ResNet-18,ResNet,cnn,fp32,False,none,NVIDIA H100 NVL,99.9,512,116246.81,476146938,4.404,4.404,4.420,4.426,11.20,0.34,531.6,True,10,64,2.8.0+cu128,12.8,2026-04-29T23:44:13
resnet50,ResNet-50,ResNet,cnn,fp32,False,none,NVIDIA H100 NVL,99.9,512,31300.22,128205683,16.358,16.358,16.374,16.383,23.55,0.71,648.1,True,10,64,2.8.0+cu128,12.8,2026-04-29T23:44:47
resnet101,ResNet-101,ResNet,cnn,fp32,False,none,NVIDIA H100 NVL,99.9,512,16778.99,68726745,30.514,30.513,30.568,30.580,42.54,1.32,724.3,True,10,64,2.8.0+cu128,12.8,2026-04-29T23:45:21
resnet152,ResNet-152,ResNet,cnn,fp32,False,none,NVIDIA H100 NVL,99.9,512,11720.98,48009135,43.682,43.685,43.760,43.774,58.19,1.92,787.1,True,10,64,2.8.0+cu128,12.8,2026-04-29T23:45:57
efficientnet_b0,EfficientNet-B0,EfficientNet,cnn,fp32,False,none,NVIDIA H100 NVL,99.9,512,41666.86,170667461,12.288,12.288,12.300,12.305,4.02,0.07,637.1,True,10,64,2.8.0+cu128,12.8,2026-04-29T23:46:30
efficientnet_b4,EfficientNet-B4,EfficientNet,cnn,fp32,False,none,NVIDIA H100 NVL,99.9,512,14761.47,60462974,34.685,34.682,34.704,34.712,17.57,0.26,943.4,True,10,64,2.8.0+cu128,12.8,2026-04-29T23:47:05
efficientnet_b7,EfficientNet-B7,EfficientNet,cnn,fp32,False,none,NVIDIA H100 NVL,99.9,512,6054.59,24799612,84.564,84.562,84.590,84.601,63.82,0.87,1380.8,True,10,64,2.8.0+cu128,12.8,2026-04-29T23:47:41
convnext_tiny,ConvNeXt-T,ConvNeXt,cnn,fp32,False,none,NVIDIA H100 NVL,99.9,512,63230.08,258990397,8.097,8.094,8.137,8.172,27.84,0.73,782.5,True,10,64,2.8.0+cu128,12.8,2026-04-29T23:48:16
convnext_small,ConvNeXt-S,ConvNeXt,cnn,fp32,False,none,NVIDIA H100 NVL,99.9,512,39919.87,163511791,12.826,12.815,12.945,12.973,49.47,1.42,869.0,True,10,64,2.8.0+cu128,12.8,2026-04-29T23:48:50
convnext_base,ConvNeXt-B,ConvNeXt,cnn,fp32,False,none,NVIDIA H100 NVL,99.9,512,29749.69,121854715,17.210,17.219,17.337,17.438,87.59,2.51,1206.0,True,10,64,2.8.0+cu128,12.8,2026-04-29T23:49:26
convnext_large,ConvNeXt-L,ConvNeXt,cnn,fp32,False,none,NVIDIA H100 NVL,99.9,512,17088.69,69995283,29.961,29.932,30.361,30.524,196.27,5.62,2009.8,True,10,64,2.8.0+cu128,12.8,2026-04-29T23:50:04
mobilenetv3_small_100,MobileNetV3-S,MobileNet,cnn,fp32,False,none,NVIDIA H100 NVL,99.9,512,136391.19,558658306,3.754,3.753,3.758,3.765,1.53,0.01,241.1,True,10,64,2.8.0+cu128,12.8,2026-04-29T23:50:37
mobilenetv3_large_100,MobileNetV3-L,MobileNet,cnn,fp32,False,none,NVIDIA H100 NVL,99.9,512,70365.30,288216276,7.276,7.275,7.283,7.287,4.22,0.04,470.0,True,10,64,2.8.0+cu128,12.8,2026-04-29T23:51:11
regnety_004,RegNetY-400MF,RegNet,cnn,fp32,False,none,NVIDIA H100 NVL,99.9,512,60766.96,248901477,8.426,8.425,8.433,8.438,3.91,0.07,452.1,True,10,64,2.8.0+cu128,12.8,2026-04-29T23:51:44
regnety_040,RegNetY-4GF,RegNet,cnn,fp32,False,none,NVIDIA H100 NVL,99.9,512,25626.30,104965322,19.979,19.982,19.999,20.006,19.57,0.66,934.6,True,10,64,2.8.0+cu128,12.8,2026-04-29T23:52:19
vit_tiny_patch16_224,ViT-Ti/16,ViT,vit,fp32,False,none,NVIDIA H100 NVL,99.9,512,175735.81,719813896,2.913,2.913,2.947,2.971,5.84,0.20,256.4,True,10,64,2.8.0+cu128,12.8,2026-04-29T23:52:52
vit_small_patch16_224,ViT-S/16,ViT,vit,fp32,False,none,NVIDIA H100 NVL,99.9,512,93621.46,383473488,5.469,5.469,5.536,5.580,22.29,0.75,367.0,True,10,64,2.8.0+cu128,12.8,2026-04-29T23:53:26
vit_base_patch16_224,ViT-B/16,ViT,vit,fp32,False,none,NVIDIA H100 NVL,99.9,512,39881.67,163355302,12.838,12.828,12.963,13.172,87.04,2.95,787.6,True,10,64,2.8.0+cu128,12.8,2026-04-29T23:54:01
vit_large_patch16_224,ViT-L/16,ViT,vit,fp32,False,none,NVIDIA H100 NVL,99.9,512,13610.25,55747565,37.619,37.602,37.980,38.158,304.96,10.35,1765.1,True,10,64,2.8.0+cu128,12.8,2026-04-29T23:54:38
deit3_small_patch16_224,DeiT3-S/16,DeiT,vit,fp32,False,none,NVIDIA H100 NVL,99.9,512,88859.28,363967612,5.762,5.775,5.856,5.903,22.30,0.75,367.1,True,10,64,2.8.0+cu128,12.8,2026-04-29T23:55:12
deit3_base_patch16_224,DeiT3-B/16,DeiT,vit,fp32,False,none,NVIDIA H100 NVL,99.9,512,37959.90,155483754,13.488,13.477,13.618,13.900,87.06,2.95,786.6,True,10,64,2.8.0+cu128,12.8,2026-04-29T23:55:47
swin_tiny_patch4_window7_224,Swin-T,Swin,vit,fp32,False,none,NVIDIA H100 NVL,99.9,512,37693.29,154391721,13.583,13.596,13.841,14.145,27.52,0.85,1206.2,True,10,64,2.8.0+cu128,12.8,2026-04-29T23:56:21
swin_small_patch4_window7_224,Swin-S,Swin,vit,fp32,False,none,NVIDIA H100 NVL,99.9,512,27566.21,112911205,18.573,18.573,18.957,19.297,48.82,1.54,1291.4,True,10,64,2.8.0+cu128,12.8,2026-04-29T23:56:55
swin_base_patch4_window7_224,Swin-B,Swin,vit,fp32,False,none,NVIDIA H100 NVL,99.9,512,20756.70,85019453,24.667,24.687,25.112,25.533,86.72,2.72,1768.8,True,10,64,2.8.0+cu128,12.8,2026-04-29T23:57:31
swin_large_patch4_window7_224,Swin-L,Swin,vit,fp32,False,none,NVIDIA H100 NVL,99.9,512,12683.56,51951851,40.367,40.346,40.952,41.723,194.97,6.06,2858.3,True,10,64,2.8.0+cu128,12.8,2026-04-29T23:58:07
beit_base_patch16_224,BEiT-B/16,BEiT,vit,fp32,False,none,NVIDIA H100 NVL,99.9,512,37038.89,151711286,13.823,13.819,13.925,14.080,87.05,2.96,760.9,True,10,64,2.8.0+cu128,12.8,2026-04-29T23:58:42
beit_large_patch16_224,BEiT-L/16,BEiT,vit,fp32,False,none,NVIDIA H100 NVL,99.9,512,12745.10,52203924,40.172,40.169,40.786,41.347,304.99,10.38,1729.8,True,10,64,2.8.0+cu128,12.8,2026-04-29T23:59:20
coatnet_0_224,CoAtNet-0,CoAtNet,hybrid,fp32,False,none,NVIDIA H100 NVL,99.9,512,31609.13,129470980,16.198,16.189,16.495,16.833,24.23,0.73,2814.9,True,10,64,2.8.0+cu128,12.8,2026-04-29T23:59:54
coatnet_2_224,CoAtNet-2,CoAtNet,hybrid,fp32,False,none,NVIDIA H100 NVL,99.9,512,14012.52,57395266,36.539,36.497,37.295,37.684,73.52,2.62,3968.5,True,10,64,2.8.0+cu128,12.8,2026-04-30T00:00:29
resnet18,ResNet-18,ResNet,cnn,fp32,False,none,NVIDIA H100 NVL,99.9,512,48907.84,704272857,10.469,10.484,10.711,10.853,11.21,1.31,1730.5,True,12,120,2.8.0+cu128,12.8,2026-04-30T00:01:03
resnet50,ResNet-50,ResNet,cnn,fp32,False,none,NVIDIA H100 NVL,99.9,512,15780.19,227234671,32.446,32.442,32.873,33.337,23.56,2.72,2015.5,True,12,120,2.8.0+cu128,12.8,2026-04-30T00:01:37
resnet101,ResNet-101,ResNet,cnn,fp32,False,none,NVIDIA H100 NVL,99.9,512,9310.40,134069806,54.992,54.982,55.377,55.479,42.55,5.15,2092.2,True,12,120,2.8.0+cu128,12.8,2026-04-30T00:02:12
resnet152,ResNet-152,ResNet,cnn,fp32,False,none,NVIDIA H100 NVL,99.9,512,6556.32,94410980,78.093,78.088,78.587,78.787,58.19,7.50,2155.0,True,12,120,2.8.0+cu128,12.8,2026-04-30T00:02:48
efficientnet_b0,EfficientNet-B0,EfficientNet,cnn,fp32,False,none,NVIDIA H100 NVL,99.9,512,22840.63,328905002,22.416,22.413,22.461,22.471,4.02,0.26,2177.5,True,12,120,2.8.0+cu128,12.8,2026-04-30T00:03:22
efficientnet_b4,EfficientNet-B4,EfficientNet,cnn,fp32,False,none,NVIDIA H100 NVL,99.9,512,8055.24,115995456,63.561,63.555,63.699,63.800,17.57,0.98,3113.2,True,12,120,2.8.0+cu128,12.8,2026-04-30T00:03:57
efficientnet_b7,EfficientNet-B7,EfficientNet,cnn,fp32,False,none,NVIDIA H100 NVL,99.9,512,3285.48,47310973,155.837,155.813,156.663,156.781,63.82,3.33,4183.7,True,12,120,2.8.0+cu128,12.8,2026-04-30T00:04:35
convnext_tiny,ConvNeXt-T,ConvNeXt,cnn,fp32,False,none,NVIDIA H100 NVL,99.9,512,18644.34,268478545,27.461,27.373,28.469,28.903,27.84,2.26,2448.4,True,12,120,2.8.0+cu128,12.8,2026-04-30T00:05:09
convnext_small,ConvNeXt-S,ConvNeXt,cnn,fp32,False,none,NVIDIA H100 NVL,99.9,512,11851.95,170668008,43.200,43.092,45.024,45.769,49.48,4.38,2534.9,True,12,120,2.8.0+cu128,12.8,2026-04-30T00:05:44
convnext_base,ConvNeXt-B,ConvNeXt,cnn,fp32,False,none,NVIDIA H100 NVL,99.9,512,8423.68,121301055,60.781,60.789,61.479,61.723,87.60,7.73,3334.6,True,12,120,2.8.0+cu128,12.8,2026-04-30T00:06:20
convnext_large,ConvNeXt-L,ConvNeXt,cnn,fp32,False,none,NVIDIA H100 NVL,99.9,512,5068.69,72989177,101.012,101.050,101.584,101.734,196.27,17.27,5067.5,True,12,120,2.8.0+cu128,12.8,2026-04-30T00:06:58
mobilenetv3_small_100,MobileNetV3-S,MobileNet,cnn,fp32,False,none,NVIDIA H100 NVL,99.9,512,83116.10,1196871867,6.160,6.159,6.165,6.170,1.53,0.05,806.6,True,12,120,2.8.0+cu128,12.8,2026-04-30T00:07:31
mobilenetv3_large_100,MobileNetV3-L,MobileNet,cnn,fp32,False,none,NVIDIA H100 NVL,99.9,512,38216.31,550314881,13.397,13.396,13.406,13.410,4.22,0.15,1584.2,True,12,120,2.8.0+cu128,12.8,2026-04-30T00:08:05
regnety_004,RegNetY-400MF,RegNet,cnn,fp32,False,none,NVIDIA H100 NVL,99.9,512,36825.82,530291840,13.903,13.902,13.912,13.917,3.91,0.27,1525.7,True,12,120,2.8.0+cu128,12.8,2026-04-30T00:08:39
regnety_040,RegNetY-4GF,RegNet,cnn,fp32,False,none,NVIDIA H100 NVL,99.9,512,13159.95,189503211,38.906,38.942,39.537,40.189,19.57,2.48,3064.4,True,12,120,2.8.0+cu128,12.8,2026-04-30T00:09:13
vit_tiny_patch16_224,ViT-Ti/16,ViT,vit,fp32,False,none,NVIDIA H100 NVL,99.9,512,75719.36,1090358798,6.762,6.766,6.820,6.868,5.94,0.59,806.0,True,12,120,2.8.0+cu128,12.8,2026-04-30T00:09:47
vit_small_patch16_224,ViT-S/16,ViT,vit,fp32,False,none,NVIDIA H100 NVL,99.9,512,37995.29,547132239,13.475,13.480,13.569,13.787,22.50,2.24,949.3,True,12,120,2.8.0+cu128,12.8,2026-04-30T00:10:21
vit_base_patch16_224,ViT-B/16,ViT,vit,fp32,False,none,NVIDIA H100 NVL,99.9,512,15615.17,224858506,32.789,32.744,33.642,34.120,87.46,8.72,1682.6,True,12,120,2.8.0+cu128,12.8,2026-04-30T00:10:56
vit_large_patch16_224,ViT-L/16,ViT,vit,fp32,False,none,NVIDIA H100 NVL,99.9,512,5216.84,75122487,98.144,98.242,99.295,100.443,305.52,30.51,2868.4,True,12,120,2.8.0+cu128,12.8,2026-04-30T00:11:35
deit3_small_patch16_224,DeiT3-S/16,DeiT,vit,fp32,False,none,NVIDIA H100 NVL,99.9,512,35794.61,515442444,14.304,14.308,14.371,14.922,22.51,2.24,950.7,True,12,120,2.8.0+cu128,12.8,2026-04-30T00:12:09
deit3_base_patch16_224,DeiT3-B/16,DeiT,vit,fp32,False,none,NVIDIA H100 NVL,99.9,512,15025.20,216362936,34.076,34.101,34.299,35.298,87.48,8.72,1683.7,True,12,120,2.8.0+cu128,12.8,2026-04-30T00:12:44
swin_tiny_patch4_window7_224,Swin-T,Swin,vit,fp32,False,none,NVIDIA H100 NVL,99.9,512,9043.78,130230454,56.613,56.623,57.310,58.061,27.53,4.22,3327.7,True,12,120,2.8.0+cu128,12.8,2026-04-30T00:13:19
swin_small_patch4_window7_224,Swin-S,Swin,vit,fp32,False,none,NVIDIA H100 NVL,99.9,512,5025.21,72363010,101.886,101.940,102.879,103.464,48.85,8.98,3413.2,True,12,120,2.8.0+cu128,12.8,2026-04-30T00:13:55
swin_base_patch4_window7_224,Swin-B,Swin,vit,fp32,False,none,NVIDIA H100 NVL,99.9,512,3683.40,53040947,139.002,139.017,140.046,140.586,86.76,15.80,4506.4,True,12,120,2.8.0+cu128,12.8,2026-04-30T00:14:32
swin_large_patch4_window7_224,Swin-L,Swin,vit,fp32,False,none,NVIDIA H100 NVL,99.9,512,2294.15,33035692,223.177,223.193,224.475,225.155,195.02,35.17,6827.9,True,12,120,2.8.0+cu128,12.8,2026-04-30T00:15:13
beit_base_patch16_224,BEiT-B/16,BEiT,vit,fp32,False,none,NVIDIA H100 NVL,99.9,512,14915.87,214788517,34.326,34.305,34.767,35.574,87.46,8.82,1604.2,True,12,120,2.8.0+cu128,12.8,2026-04-30T00:15:48
beit_large_patch16_224,BEiT-L/16,BEiT,vit,fp32,False,none,NVIDIA H100 NVL,99.9,512,5015.07,72217010,102.092,102.013,103.788,104.153,305.56,30.75,2764.3,True,12,120,2.8.0+cu128,12.8,2026-04-30T00:16:28
resnet18,ResNet-18,ResNet,cnn,fp32,False,none,NVIDIA H100 NVL,99.9,512,44355.05,726713183,11.543,11.550,11.737,11.861,11.21,1.42,1957.7,True,12,128,2.8.0+cu128,12.8,2026-04-30T00:17:10
resnet50,ResNet-50,ResNet,cnn,fp32,False,none,NVIDIA H100 NVL,99.9,512,14981.14,245451021,34.176,34.151,34.710,35.072,23.56,2.90,2275.5,True,12,128,2.8.0+cu128,12.8,2026-04-30T00:17:44
resnet101,ResNet-101,ResNet,cnn,fp32,False,none,NVIDIA H100 NVL,99.9,512,8998.89,147437800,56.896,56.881,57.542,58.042,42.55,5.32,2351.7,True,12,128,2.8.0+cu128,12.8,2026-04-30T00:18:20
resnet152,ResNet-152,ResNet,cnn,fp32,False,none,NVIDIA H100 NVL,99.9,512,6398.08,104826145,80.024,80.029,80.565,80.861,58.19,7.75,2414.5,True,12,128,2.8.0+cu128,12.8,2026-04-30T00:18:55
efficientnet_b0,EfficientNet-B0,EfficientNet,cnn,fp32,False,none,NVIDIA H100 NVL,99.9,512,21856.33,358094157,23.426,23.422,23.468,23.474,4.02,0.27,2465.8,True,12,128,2.8.0+cu128,12.8,2026-04-30T00:19:29
efficientnet_b4,EfficientNet-B4,EfficientNet,cnn,fp32,False,none,NVIDIA H100 NVL,99.9,512,7734.11,126715733,66.200,66.172,66.496,66.572,17.57,1.02,3527.1,True,12,128,2.8.0+cu128,12.8,2026-04-30T00:20:04
efficientnet_b7,EfficientNet-B7,EfficientNet,cnn,fp32,False,none,NVIDIA H100 NVL,99.9,512,3159.56,51766168,162.048,162.077,162.650,162.741,63.82,3.43,4719.5,True,12,128,2.8.0+cu128,12.8,2026-04-30T00:20:42
convnext_tiny,ConvNeXt-T,ConvNeXt,cnn,fp32,False,none,NVIDIA H100 NVL,99.9,512,15548.43,254745450,32.929,32.890,33.591,33.761,27.84,2.94,2762.2,True,12,128,2.8.0+cu128,12.8,2026-04-30T00:21:17
convnext_small,ConvNeXt-S,ConvNeXt,cnn,fp32,False,none,NVIDIA H100 NVL,99.9,512,9754.61,159819579,52.488,52.398,53.379,53.648,49.48,5.70,2848.7,True,12,128,2.8.0+cu128,12.8,2026-04-30T00:21:52
convnext_base,ConvNeXt-B,ConvNeXt,cnn,fp32,False,none,NVIDIA H100 NVL,99.9,512,7013.55,114909967,73.002,73.027,73.579,73.976,87.60,10.06,3739.4,True,12,128,2.8.0+cu128,12.8,2026-04-30T00:22:29
convnext_large,ConvNeXt-L,ConvNeXt,cnn,fp32,False,none,NVIDIA H100 NVL,99.9,512,4308.47,70589977,118.836,118.889,119.432,119.741,196.27,22.50,5650.5,True,12,128,2.8.0+cu128,12.8,2026-04-30T00:23:08
mobilenetv3_small_100,MobileNetV3-S,MobileNet,cnn,fp32,False,none,NVIDIA H100 NVL,99.9,512,80617.41,1320835615,6.351,6.350,6.356,6.361,1.53,0.05,912.2,True,12,128,2.8.0+cu128,12.8,2026-04-30T00:23:42
mobilenetv3_large_100,MobileNetV3-L,MobileNet,cnn,fp32,False,none,NVIDIA H100 NVL,99.9,512,36515.31,598266903,14.022,14.020,14.030,14.034,4.22,0.15,1795.4,True,12,128,2.8.0+cu128,12.8,2026-04-30T00:24:15
regnety_004,RegNetY-400MF,RegNet,cnn,fp32,False,none,NVIDIA H100 NVL,99.9,512,35663.65,584313284,14.356,14.355,14.365,14.371,3.91,0.28,1727.2,True,12,128,2.8.0+cu128,12.8,2026-04-30T00:24:49
regnety_040,RegNetY-4GF,RegNet,cnn,fp32,False,none,NVIDIA H100 NVL,99.9,512,12805.35,209802791,39.983,39.989,40.289,40.756,19.57,2.62,3467.9,True,12,128,2.8.0+cu128,12.8,2026-04-30T00:25:24
vit_tiny_patch16_224,ViT-Ti/16,ViT,vit,fp32,False,none,NVIDIA H100 NVL,99.9,512,49926.04,817988267,10.255,10.278,10.365,10.537,5.94,0.77,915.4,True,12,128,2.8.0+cu128,12.8,2026-04-30T00:25:57
vit_small_patch16_224,ViT-S/16,ViT,vit,fp32,False,none,NVIDIA H100 NVL,99.9,512,24800.02,406323601,20.645,20.640,20.822,21.002,22.50,2.91,1139.7,True,12,128,2.8.0+cu128,12.8,2026-04-30T00:26:31
vit_base_patch16_224,ViT-B/16,ViT,vit,fp32,False,none,NVIDIA H100 NVL,99.9,512,10551.66,172878319,48.523,48.527,49.053,49.279,87.47,11.34,2014.0,True,12,128,2.8.0+cu128,12.8,2026-04-30T00:27:07
vit_large_patch16_224,ViT-L/16,ViT,vit,fp32,False,none,NVIDIA H100 NVL,99.9,512,3656.81,59913137,140.013,140.047,140.965,141.644,305.54,39.66,3294.2,True,12,128,2.8.0+cu128,12.8,2026-04-30T00:27:47
deit3_small_patch16_224,DeiT3-S/16,DeiT,vit,fp32,False,none,NVIDIA H100 NVL,99.9,512,23379.22,383045167,21.900,21.852,22.121,22.287,22.51,2.91,1139.7,True,12,128,2.8.0+cu128,12.8,2026-04-30T00:28:21
deit3_base_patch16_224,DeiT3-B/16,DeiT,vit,fp32,False,none,NVIDIA H100 NVL,99.9,512,10073.01,165036194,50.829,50.861,51.581,52.110,87.49,11.34,2013.0,True,12,128,2.8.0+cu128,12.8,2026-04-30T00:28:57
swin_tiny_patch4_window7_224,Swin-T,Swin,vit,fp32,False,none,NVIDIA H100 NVL,99.9,512,8558.16,140216967,59.826,59.834,60.484,60.987,27.54,4.11,3449.2,True,12,128,2.8.0+cu128,12.8,2026-04-30T00:29:32
swin_small_patch4_window7_224,Swin-S,Swin,vit,fp32,False,none,NVIDIA H100 NVL,99.9,512,4676.39,76617910,109.486,109.507,110.450,110.886,48.85,8.87,3535.0,True,12,128,2.8.0+cu128,12.8,2026-04-30T00:30:08
swin_base_patch4_window7_224,Swin-B,Swin,vit,fp32,False,none,NVIDIA H100 NVL,99.9,512,3440.71,56372669,148.806,148.771,149.936,150.834,86.76,15.61,4651.5,True,12,128,2.8.0+cu128,12.8,2026-04-30T00:30:46
swin_large_patch4_window7_224,Swin-L,Swin,vit,fp32,False,none,NVIDIA H100 NVL,99.9,512,2152.75,35270587,237.836,237.850,239.155,239.431,195.03,34.73,7022.2,True,12,128,2.8.0+cu128,12.8,2026-04-30T00:31:26
beit_base_patch16_224,BEiT-B/16,BEiT,vit,fp32,False,none,NVIDIA H100 NVL,99.9,512,9891.60,162063980,51.761,51.601,52.973,53.505,87.47,11.50,1912.2,True,12,128,2.8.0+cu128,12.8,2026-04-30T00:32:02
beit_large_patch16_224,BEiT-L/16,BEiT,vit,fp32,False,none,NVIDIA H100 NVL,99.9,512,3446.31,56464273,148.565,148.633,149.496,150.980,305.58,40.08,3158.9,True,12,128,2.8.0+cu128,12.8,2026-04-30T00:32:42
coatnet_0_224,CoAtNet-0,CoAtNet,hybrid,fp32,False,none,NVIDIA H100 NVL,99.9,512,9330.46,152870255,54.874,54.831,55.680,56.089,24.24,2.94,10935.3,True,12,128,2.8.0+cu128,12.8,2026-04-30T00:33:17
coatnet_2_224,CoAtNet-2,CoAtNet,hybrid,fp32,False,none,NVIDIA H100 NVL,99.9,512,4257.49,69754676,120.259,120.238,121.332,122.056,73.56,10.57,14958.2,True,12,128,2.8.0+cu128,12.8,2026-04-30T00:33:54
